activo,franja,estrategia,IS_n,IS_pnlR,IS_win,IS_PF,IS_DD,OOS_n,OOS_pnlR,OOS_win,OOS_PF,OOS_DD
XAUUSDm,00-02,FVG,75,-56.0,8.0,0.18,-55.0,58,-46.0,6.9,0.15,-45.0
XAUUSDm,00-02,BREAK24,133,19.0,37.6,1.23,-16.0,126,34.0,42.1,1.47,-7.0
XAUUSDm,00-02,RETEST24,150,19.0,37.3,1.2,-9.0,143,-8.0,31.5,0.92,-16.0
XAUUSDm,00-02,MOMEMA,238,39.0,38.7,1.27,-12.0,223,57.0,41.7,1.44,-14.0
XAUUSDm,00-02,RSI2,144,-8.0,31.2,0.92,-25.0,140,-29.0,26.4,0.72,-33.0
XAUUSDm,00-02,VWAP,167,17.0,36.5,1.16,-14.0,172,-16.0,30.2,0.87,-27.0
XAUUSDm,02-04,FVG,59,-41.0,10.2,0.23,-41.0,44,-24.0,13.6,0.33,-26.0
XAUUSDm,02-04,BREAK24,65,-16.0,24.6,0.67,-21.0,67,0.0,32.8,1.0,-16.0
XAUUSDm,02-04,RETEST24,96,1.0,33.3,1.02,-11.0,92,-7.0,30.4,0.89,-18.0
XAUUSDm,02-04,MOMEMA,159,33.0,39.0,1.36,-11.0,151,26.0,39.1,1.28,-10.0
XAUUSDm,02-04,RSI2,70,11.0,38.6,1.26,-7.0,74,-9.0,28.4,0.82,-12.0
XAUUSDm,02-04,VWAP,61,-7.0,29.5,0.84,-12.0,42,13.0,42.9,1.57,-6.0
XAUUSDm,04-06,FVG,72,-58.0,5.6,0.12,-57.0,48,-27.0,14.6,0.34,-29.0
XAUUSDm,04-06,BREAK24,121,19.0,38.0,1.26,-9.0,89,5.0,34.8,1.09,-11.0
XAUUSDm,04-06,RETEST24,108,21.0,39.8,1.32,-14.0,115,9.0,35.7,1.12,-8.0
XAUUSDm,04-06,MOMEMA,228,43.0,39.0,1.32,-11.0,178,33.0,39.3,1.31,-15.0
XAUUSDm,04-06,RSI2,129,-5.0,31.8,0.94,-17.0,91,2.0,34.1,1.03,-15.0
XAUUSDm,04-06,VWAP,72,17.0,40.3,1.41,-7.0,52,8.0,38.5,1.25,-6.0
XAUUSDm,06-08,FVG,61,-39.0,11.5,0.26,-38.0,59,-53.0,3.4,0.07,-52.0
XAUUSDm,06-08,BREAK24,105,22.0,40.0,1.35,-6.0,78,-8.0,29.5,0.85,-13.0
XAUUSDm,06-08,RETEST24,124,-13.0,29.8,0.85,-17.0,92,-14.0,28.3,0.79,-23.0
XAUUSDm,06-08,MOMEMA,210,30.0,38.1,1.23,-21.0,180,-29.0,27.8,0.78,-48.0
XAUUSDm,06-08,RSI2,111,-2.0,32.4,0.97,-12.0,82,-3.0,31.7,0.95,-17.0
XAUUSDm,06-08,VWAP,67,9.0,37.3,1.22,-9.0,41,8.0,39.0,1.33,-5.0
XAUUSDm,08-10,FVG,59,-44.0,8.5,0.19,-48.0,45,-33.0,8.9,0.2,-34.0
XAUUSDm,08-10,BREAK24,81,-21.0,24.7,0.66,-30.0,83,-8.0,30.1,0.86,-15.0
XAUUSDm,08-10,RETEST24,118,11.0,36.4,1.15,-11.0,105,6.0,34.3,1.09,-11.0
XAUUSDm,08-10,MOMEMA,195,-9.0,31.3,0.93,-30.0,175,-22.0,29.1,0.82,-30.0
XAUUSDm,08-10,RSI2,79,17.0,40.5,1.36,-10.0,90,5.0,34.4,1.09,-6.0
XAUUSDm,08-10,VWAP,42,1.0,33.3,1.04,-7.0,39,3.0,35.9,1.12,-8.0
XAUUSDm,10-12,FVG,65,-52.0,6.2,0.13,-51.0,48,-24.0,16.7,0.4,-28.0
XAUUSDm,10-12,BREAK24,92,-2.0,31.5,0.97,-11.0,92,-3.0,31.5,0.95,-12.0
XAUUSDm,10-12,RETEST24,119,20.0,37.8,1.29,-11.0,111,-4.0,31.5,0.95,-24.0
XAUUSDm,10-12,MOMEMA,215,0.0,32.6,1.0,-16.0,198,-3.0,32.3,0.98,-23.0
XAUUSDm,10-12,RSI2,96,13.0,37.5,1.22,-16.0,94,2.0,34.0,1.03,-13.0
XAUUSDm,10-12,VWAP,50,8.0,38.0,1.27,-7.0,47,-11.0,25.5,0.69,-18.0
XAUUSDm,12-14,FVG,76,-61.0,6.6,0.14,-60.0,75,-56.0,8.0,0.18,-55.0
XAUUSDm,12-14,BREAK24,124,-10.0,30.6,0.88,-22.0,121,0.0,33.1,1.0,-11.0
XAUUSDm,12-14,RETEST24,144,17.0,36.8,1.19,-16.0,144,7.0,34.7,1.08,-20.0
XAUUSDm,12-14,MOMEMA,247,-2.0,32.8,0.99,-21.0,243,3.0,33.3,1.02,-20.0
XAUUSDm,12-14,RSI2,123,-4.0,31.7,0.95,-24.0,128,-13.0,29.7,0.85,-21.0
XAUUSDm,12-14,VWAP,83,-5.0,31.3,0.91,-12.0,56,1.0,33.9,1.03,-15.0
XAUUSDm,14-16,FVG,72,-32.0,18.1,0.45,-31.0,51,-35.0,9.8,0.22,-38.0
XAUUSDm,14-16,BREAK24,85,19.0,40.0,1.39,-9.0,68,-1.0,32.4,0.98,-21.0
XAUUSDm,14-16,RETEST24,108,24.0,40.7,1.38,-9.0,88,-1.0,33.0,0.98,-11.0
XAUUSDm,14-16,MOMEMA,216,8.0,34.3,1.06,-25.0,167,-19.0,28.7,0.83,-25.0
XAUUSDm,14-16,RSI2,91,2.0,33.0,1.03,-15.0,68,1.0,33.8,1.02,-15.0
XAUUSDm,14-16,VWAP,45,18.0,46.7,1.75,-6.0,23,5.0,39.1,1.38,-7.0
XAUUSDm,16-18,FVG,41,-17.0,19.5,0.48,-19.0,42,-36.0,4.8,0.1,-35.0
XAUUSDm,16-18,BREAK24,63,-21.0,22.2,0.57,-24.0,65,1.0,33.8,1.02,-9.0
XAUUSDm,16-18,RETEST24,85,31.0,44.7,1.69,-7.0,92,6.0,34.8,1.1,-12.0
XAUUSDm,16-18,MOMEMA,164,-17.0,29.9,0.85,-28.0,140,19.0,37.9,1.22,-11.0
XAUUSDm,16-18,RSI2,63,19.0,42.9,1.54,-8.0,69,1.0,33.3,1.02,-13.0
XAUUSDm,16-18,VWAP,28,-7.0,25.0,0.67,-12.0,22,2.0,36.4,1.14,-5.0
XAUUSDm,18-20,FVG,64,-52.0,6.2,0.13,-51.0,58,-40.0,10.3,0.23,-42.0
XAUUSDm,18-20,BREAK24,76,2.0,34.2,1.04,-10.0,87,17.0,39.1,1.33,-7.0
XAUUSDm,18-20,RETEST24,89,-17.0,27.0,0.74,-26.0,90,9.0,36.7,1.16,-12.0
XAUUSDm,18-20,MOMEMA,190,18.0,36.3,1.15,-19.0,176,17.0,36.4,1.15,-15.0
XAUUSDm,18-20,RSI2,83,-5.0,31.3,0.91,-19.0,89,-29.0,22.5,0.58,-28.0
XAUUSDm,18-20,VWAP,13,-1.0,30.8,0.89,-2.0,14,-2.0,28.6,0.8,-6.0
XAUUSDm,20-22,FVG,29,-12.0,17.2,0.45,-14.0,27,-12.0,18.5,0.45,-14.0
XAUUSDm,20-22,BREAK24,56,0.0,32.1,1.0,-11.0,24,1.0,33.3,1.07,-6.0
XAUUSDm,20-22,RETEST24,59,-7.0,28.8,0.83,-14.0,35,9.0,40.0,1.47,-5.0
XAUUSDm,20-22,MOMEMA,122,2.0,32.8,1.03,-10.0,74,8.0,36.5,1.17,-6.0
XAUUSDm,20-22,RSI2,60,-7.0,28.3,0.83,-16.0,25,0.0,32.0,1.0,-5.0
XAUUSDm,20-22,VWAP,10,0.0,30.0,1.0,-4.0,8,-5.0,12.5,0.29,-6.0
XAUUSDm,22-24,FVG,53,-37.0,9.4,0.21,-36.0,52,-37.0,9.6,0.21,-39.0
XAUUSDm,22-24,BREAK24,105,3.0,34.3,1.04,-17.0,101,-2.0,32.7,0.97,-24.0
XAUUSDm,22-24,RETEST24,98,2.0,33.7,1.03,-12.0,105,-12.0,29.5,0.84,-24.0
XAUUSDm,22-24,MOMEMA,160,21.0,37.5,1.21,-14.0,195,-15.0,30.8,0.89,-39.0
XAUUSDm,22-24,RSI2,96,-3.0,32.3,0.95,-10.0,95,4.0,34.7,1.06,-14.0
XAUUSDm,22-24,VWAP,47,7.0,38.3,1.24,-8.0,57,3.0,35.1,1.08,-15.0
BTCUSDm,00-02,FVG,97,-71.0,8.2,0.18,-70.0,92,-56.0,13.0,0.3,-55.0
BTCUSDm,00-02,BREAK24,151,-21.0,28.5,0.8,-31.0,131,-11.0,30.5,0.88,-23.0
BTCUSDm,00-02,RETEST24,166,-18.0,28.9,0.84,-26.0,151,-5.0,31.8,0.95,-31.0
BTCUSDm,00-02,MOMEMA,317,-5.0,32.5,0.98,-40.0,281,26.0,36.3,1.15,-13.0
BTCUSDm,00-02,RSI2,147,7.0,34.0,1.08,-12.0,132,15.0,37.1,1.18,-12.0
BTCUSDm,00-02,VWAP,233,26.0,36.9,1.18,-20.0,214,39.0,39.3,1.3,-10.0
BTCUSDm,02-04,FVG,82,-69.0,4.9,0.1,-70.0,83,-50.0,13.3,0.31,-53.0
BTCUSDm,02-04,BREAK24,117,13.0,36.8,1.18,-16.0,90,12.0,37.8,1.21,-10.0
BTCUSDm,02-04,RETEST24,124,11.0,36.3,1.14,-14.0,112,-3.0,32.1,0.96,-11.0
BTCUSDm,02-04,MOMEMA,271,26.0,36.2,1.15,-24.0,237,-7.0,32.1,0.96,-18.0
BTCUSDm,02-04,RSI2,120,8.0,35.0,1.11,-25.0,92,0.0,32.6,1.0,-17.0
BTCUSDm,02-04,VWAP,106,5.0,34.9,1.07,-10.0,107,-13.0,29.0,0.83,-16.0
BTCUSDm,04-06,FVG,88,-72.0,5.7,0.12,-71.0,72,-59.0,5.6,0.12,-58.0
BTCUSDm,04-06,BREAK24,129,2.0,33.3,1.02,-12.0,102,36.0,45.1,1.64,-6.0
BTCUSDm,04-06,RETEST24,143,-3.0,32.2,0.97,-18.0,130,-3.0,32.3,0.97,-22.0
BTCUSDm,04-06,MOMEMA,276,42.0,38.0,1.25,-16.0,239,59.0,41.4,1.42,-10.0
BTCUSDm,04-06,RSI2,129,3.0,33.3,1.04,-13.0,111,-17.0,27.9,0.78,-25.0
BTCUSDm,04-06,VWAP,89,5.0,34.8,1.09,-15.0,82,20.0,41.5,1.42,-6.0
BTCUSDm,06-08,FVG,95,-60.0,11.6,0.27,-61.0,74,-53.0,9.5,0.21,-54.0
BTCUSDm,06-08,BREAK24,129,14.0,36.4,1.18,-9.0,126,20.0,38.1,1.26,-12.0
BTCUSDm,06-08,RETEST24,122,-16.0,28.7,0.81,-31.0,141,-13.0,29.8,0.87,-21.0
BTCUSDm,06-08,MOMEMA,283,42.0,37.8,1.24,-13.0,250,13.0,34.8,1.08,-19.0
BTCUSDm,06-08,RSI2,134,-13.0,29.9,0.86,-24.0,136,-11.0,30.1,0.88,-16.0
BTCUSDm,06-08,VWAP,72,28.0,45.8,1.74,-6.0,61,-4.0,31.1,0.9,-12.0
BTCUSDm,08-10,FVG,80,-61.0,7.5,0.16,-64.0,65,-47.0,9.2,0.2,-46.0
BTCUSDm,08-10,BREAK24,147,7.0,34.7,1.07,-9.0,103,32.0,43.7,1.55,-8.0
BTCUSDm,08-10,RETEST24,155,10.0,35.5,1.1,-13.0,120,18.0,38.3,1.24,-12.0
BTCUSDm,08-10,MOMEMA,301,47.0,38.2,1.26,-15.0,250,83.0,44.4,1.6,-9.0
BTCUSDm,08-10,RSI2,150,2.0,33.3,1.02,-18.0,106,-18.0,27.4,0.76,-24.0
BTCUSDm,08-10,VWAP,57,3.0,35.1,1.08,-11.0,68,13.0,39.7,1.32,-7.0
BTCUSDm,10-12,FVG,69,-42.0,13.0,0.3,-41.0,76,-48.0,11.8,0.27,-47.0
BTCUSDm,10-12,BREAK24,124,6.0,34.7,1.08,-11.0,106,-4.0,32.1,0.94,-22.0
BTCUSDm,10-12,RETEST24,150,-52.0,21.3,0.55,-53.0,123,-1.0,32.5,0.99,-19.0
BTCUSDm,10-12,MOMEMA,287,35.0,37.3,1.2,-12.0,243,-1.0,32.9,0.99,-35.0
BTCUSDm,10-12,RSI2,126,-14.0,29.4,0.84,-22.0,109,8.0,35.8,1.11,-13.0
BTCUSDm,10-12,VWAP,55,11.0,40.0,1.33,-7.0,50,8.0,38.0,1.27,-18.0
BTCUSDm,12-14,FVG,98,-53.0,15.3,0.36,-52.0,82,-55.0,11.0,0.25,-59.0
BTCUSDm,12-14,BREAK24,179,23.0,37.4,1.21,-17.0,192,15.0,35.4,1.12,-18.0
BTCUSDm,12-14,RETEST24,193,-17.0,29.5,0.87,-23.0,198,-20.0,29.8,0.86,-27.0
BTCUSDm,12-14,MOMEMA,346,20.0,35.0,1.09,-31.0,323,72.0,40.6,1.38,-16.0
BTCUSDm,12-14,RSI2,185,12.0,35.1,1.1,-18.0,196,4.0,33.7,1.03,-17.0
BTCUSDm,12-14,VWAP,68,-11.0,27.9,0.78,-19.0,74,10.0,37.8,1.22,-11.0
BTCUSDm,14-16,FVG,85,-66.0,7.1,0.15,-67.0,67,-44.0,10.4,0.24,-44.0
BTCUSDm,14-16,BREAK24,149,-18.0,28.9,0.83,-25.0,122,7.0,35.2,1.09,-19.0
BTCUSDm,14-16,RETEST24,172,-8.0,31.4,0.93,-24.0,133,-23.0,26.3,0.75,-26.0
BTCUSDm,14-16,MOMEMA,326,2.0,32.8,1.01,-25.0,245,0.0,32.7,1.0,-25.0
BTCUSDm,14-16,RSI2,151,12.0,35.8,1.12,-11.0,126,-8.0,31.0,0.91,-13.0
BTCUSDm,14-16,VWAP,74,1.0,33.8,1.02,-7.0,52,5.0,36.5,1.15,-7.0
BTCUSDm,16-18,FVG,90,-80.0,3.3,0.07,-79.0,65,-47.0,9.2,0.2,-46.0
BTCUSDm,16-18,BREAK24,118,-23.0,26.3,0.73,-31.0,91,-6.0,30.8,0.9,-18.0
BTCUSDm,16-18,RETEST24,133,2.0,33.1,1.02,-14.0,107,12.0,35.5,1.19,-16.0
BTCUSDm,16-18,MOMEMA,275,5.0,33.5,1.03,-20.0,243,-17.0,30.5,0.9,-43.0
BTCUSDm,16-18,RSI2,120,24.0,39.2,1.34,-14.0,96,10.0,35.4,1.17,-10.0
BTCUSDm,16-18,VWAP,42,3.0,35.7,1.11,-8.0,38,-2.0,31.6,0.92,-6.0
BTCUSDm,18-20,FVG,84,-68.0,6.0,0.13,-69.0,72,-51.0,9.7,0.22,-50.0
BTCUSDm,18-20,BREAK24,94,-9.0,29.8,0.86,-19.0,79,5.0,35.4,1.1,-11.0
BTCUSDm,18-20,RETEST24,125,1.0,33.6,1.01,-19.0,105,-19.0,26.7,0.75,-22.0
BTCUSDm,18-20,MOMEMA,255,-8.0,31.8,0.95,-29.0,247,-32.0,28.7,0.82,-47.0
BTCUSDm,18-20,RSI2,99,9.0,36.4,1.14,-15.0,80,4.0,35.0,1.08,-10.0
BTCUSDm,18-20,VWAP,24,3.0,37.5,1.2,-5.0,34,9.0,41.2,1.47,-5.0
BTCUSDm,20-22,FVG,83,-56.0,10.8,0.24,-59.0,68,-41.0,13.2,0.31,-40.0
BTCUSDm,20-22,BREAK24,100,2.0,34.0,1.03,-17.0,101,10.0,36.6,1.16,-11.0
BTCUSDm,20-22,RETEST24,125,51.0,46.4,1.78,-8.0,122,5.0,34.4,1.06,-15.0
BTCUSDm,20-22,MOMEMA,272,-16.0,31.2,0.91,-22.0,231,31.0,37.7,1.22,-11.0
BTCUSDm,20-22,RSI2,110,32.0,42.7,1.52,-9.0,112,23.0,40.2,1.34,-7.0
BTCUSDm,20-22,VWAP,25,-4.0,28.0,0.78,-9.0,34,11.0,44.1,1.58,-7.0
BTCUSDm,22-24,FVG,88,-51.0,13.6,0.32,-50.0,94,-52.0,14.9,0.35,-53.0
BTCUSDm,22-24,BREAK24,112,17.0,38.4,1.25,-9.0,101,4.0,34.7,1.06,-11.0
BTCUSDm,22-24,RETEST24,141,11.0,35.5,1.12,-12.0,119,7.0,35.3,1.09,-18.0
BTCUSDm,22-24,MOMEMA,296,27.0,36.1,1.14,-23.0,256,22.0,35.9,1.14,-22.0
BTCUSDm,22-24,RSI2,115,5.0,34.8,1.07,-10.0,105,6.0,35.2,1.09,-10.0
BTCUSDm,22-24,VWAP,24,13.0,50.0,2.18,-4.0,38,-2.0,31.6,0.92,-8.0
