activo,franja,estrat,periodo,n,pnlR,win,PF,DD
XAUUSDm,00-02,FVG,P1_24h2-25h1,285,-200.0,9.8,0.22,-202.0
XAUUSDm,00-02,BREAK24,P1_24h2-25h1,566,47.0,35.9,1.13,-33.0
XAUUSDm,00-02,BREAK48,P1_24h2-25h1,424,8.0,33.7,1.03,-30.0
XAUUSDm,00-02,RETEST24,P1_24h2-25h1,603,6.0,33.3,1.02,-41.0
XAUUSDm,00-02,RETEST48,P1_24h2-25h1,451,10.0,33.7,1.03,-30.0
XAUUSDm,00-02,MOMEMA,P1_24h2-25h1,958,107.0,37.0,1.18,-57.0
XAUUSDm,00-02,EMACROSS,P1_24h2-25h1,139,20.0,38.1,1.23,-15.0
XAUUSDm,00-02,RSI2,P1_24h2-25h1,573,-37.0,30.9,0.91,-79.0
XAUUSDm,00-02,RSI14DIP,P1_24h2-25h1,0,0,0,0,0
XAUUSDm,00-02,VWAP,P1_24h2-25h1,693,73.0,36.8,1.17,-52.0
XAUUSDm,00-02,BBREV,P1_24h2-25h1,734,29.0,34.5,1.06,-23.0
XAUUSDm,02-04,FVG,P1_24h2-25h1,203,-107.0,15.3,0.37,-109.0
XAUUSDm,02-04,BREAK24,P1_24h2-25h1,299,78.0,41.8,1.45,-13.0
XAUUSDm,02-04,BREAK48,P1_24h2-25h1,234,66.0,42.3,1.5,-10.0
XAUUSDm,02-04,RETEST24,P1_24h2-25h1,366,-29.0,30.6,0.89,-51.0
XAUUSDm,02-04,RETEST48,P1_24h2-25h1,301,-13.0,31.9,0.94,-42.0
XAUUSDm,02-04,MOMEMA,P1_24h2-25h1,703,118.0,38.5,1.28,-24.0
XAUUSDm,02-04,EMACROSS,P1_24h2-25h1,90,14.0,37.8,1.26,-8.0
XAUUSDm,02-04,RSI2,P1_24h2-25h1,319,-37.0,29.2,0.83,-57.0
XAUUSDm,02-04,RSI14DIP,P1_24h2-25h1,0,0,0,0,0
XAUUSDm,02-04,VWAP,P1_24h2-25h1,243,-10.0,31.7,0.94,-34.0
XAUUSDm,02-04,BBREV,P1_24h2-25h1,397,-41.0,29.7,0.85,-52.0
XAUUSDm,04-06,FVG,P1_24h2-25h1,235,-169.0,9.4,0.21,-169.0
XAUUSDm,04-06,BREAK24,P1_24h2-25h1,397,42.0,36.8,1.17,-21.0
XAUUSDm,04-06,BREAK48,P1_24h2-25h1,232,33.0,37.9,1.23,-11.0
XAUUSDm,04-06,RETEST24,P1_24h2-25h1,458,-92.0,26.4,0.72,-95.0
XAUUSDm,04-06,RETEST48,P1_24h2-25h1,292,-46.0,28.1,0.78,-48.0
XAUUSDm,04-06,MOMEMA,P1_24h2-25h1,762,85.0,36.9,1.18,-26.0
XAUUSDm,04-06,EMACROSS,P1_24h2-25h1,84,27.0,44.0,1.57,-9.0
XAUUSDm,04-06,RSI2,P1_24h2-25h1,416,-15.0,32.0,0.95,-41.0
XAUUSDm,04-06,RSI14DIP,P1_24h2-25h1,0,0,0,0,0
XAUUSDm,04-06,VWAP,P1_24h2-25h1,184,15.0,35.9,1.13,-13.0
XAUUSDm,04-06,BBREV,P1_24h2-25h1,558,-38.0,30.8,0.9,-44.0
XAUUSDm,06-08,FVG,P1_24h2-25h1,283,-194.0,10.2,0.23,-197.0
XAUUSDm,06-08,BREAK24,P1_24h2-25h1,429,21.0,34.7,1.08,-20.0
XAUUSDm,06-08,BREAK48,P1_24h2-25h1,330,7.0,33.6,1.03,-20.0
XAUUSDm,06-08,RETEST24,P1_24h2-25h1,469,-20.0,31.8,0.94,-30.0
XAUUSDm,06-08,RETEST48,P1_24h2-25h1,352,-17.0,31.5,0.93,-24.0
XAUUSDm,06-08,MOMEMA,P1_24h2-25h1,855,70.0,35.8,1.13,-26.0
XAUUSDm,06-08,EMACROSS,P1_24h2-25h1,118,-30.0,24.6,0.66,-38.0
XAUUSDm,06-08,RSI2,P1_24h2-25h1,457,-8.0,32.6,0.97,-38.0
XAUUSDm,06-08,RSI14DIP,P1_24h2-25h1,0,0,0,0,0
XAUUSDm,06-08,VWAP,P1_24h2-25h1,231,43.0,39.4,1.31,-13.0
XAUUSDm,06-08,BBREV,P1_24h2-25h1,553,4.0,33.5,1.01,-28.0
XAUUSDm,08-10,FVG,P1_24h2-25h1,222,-150.0,10.8,0.24,-149.0
XAUUSDm,08-10,BREAK24,P1_24h2-25h1,321,50.0,38.3,1.26,-20.0
XAUUSDm,08-10,BREAK48,P1_24h2-25h1,222,59.0,41.9,1.46,-11.0
XAUUSDm,08-10,RETEST24,P1_24h2-25h1,397,-35.0,30.0,0.87,-48.0
XAUUSDm,08-10,RETEST48,P1_24h2-25h1,287,-43.0,27.9,0.79,-51.0
XAUUSDm,08-10,MOMEMA,P1_24h2-25h1,754,94.0,37.3,1.2,-18.0
XAUUSDm,08-10,EMACROSS,P1_24h2-25h1,105,-6.0,31.4,0.92,-17.0
XAUUSDm,08-10,RSI2,P1_24h2-25h1,340,-32.0,29.7,0.86,-65.0
XAUUSDm,08-10,RSI14DIP,P1_24h2-25h1,0,0,0,0,0
XAUUSDm,08-10,VWAP,P1_24h2-25h1,159,42.0,42.1,1.46,-9.0
XAUUSDm,08-10,BBREV,P1_24h2-25h1,437,-10.0,32.5,0.97,-35.0
XAUUSDm,10-12,FVG,P1_24h2-25h1,234,-157.0,10.7,0.24,-159.0
XAUUSDm,10-12,BREAK24,P1_24h2-25h1,355,27.0,35.8,1.12,-31.0
XAUUSDm,10-12,BREAK48,P1_24h2-25h1,230,-13.0,31.3,0.92,-36.0
XAUUSDm,10-12,RETEST24,P1_24h2-25h1,423,-13.0,32.2,0.95,-45.0
XAUUSDm,10-12,RETEST48,P1_24h2-25h1,295,20.0,35.3,1.11,-18.0
XAUUSDm,10-12,MOMEMA,P1_24h2-25h1,783,58.0,35.5,1.12,-29.0
XAUUSDm,10-12,EMACROSS,P1_24h2-25h1,111,3.0,34.2,1.04,-10.0
XAUUSDm,10-12,RSI2,P1_24h2-25h1,372,-13.0,32.0,0.95,-34.0
XAUUSDm,10-12,RSI14DIP,P1_24h2-25h1,0,0,0,0,0
XAUUSDm,10-12,VWAP,P1_24h2-25h1,155,25.0,38.7,1.26,-9.0
XAUUSDm,10-12,BBREV,P1_24h2-25h1,520,-25.0,31.5,0.93,-59.0
XAUUSDm,12-14,FVG,P1_24h2-25h1,306,-241.0,6.9,0.15,-240.0
XAUUSDm,12-14,BREAK24,P1_24h2-25h1,534,-64.0,29.2,0.83,-81.0
XAUUSDm,12-14,BREAK48,P1_24h2-25h1,406,-44.0,29.6,0.85,-51.0
XAUUSDm,12-14,RETEST24,P1_24h2-25h1,635,54.0,35.6,1.14,-22.0
XAUUSDm,12-14,RETEST48,P1_24h2-25h1,489,13.0,33.5,1.04,-28.0
XAUUSDm,12-14,MOMEMA,P1_24h2-25h1,970,-30.0,32.1,0.95,-64.0
XAUUSDm,12-14,EMACROSS,P1_24h2-25h1,159,13.0,35.8,1.13,-10.0
XAUUSDm,12-14,RSI2,P1_24h2-25h1,548,8.0,33.4,1.02,-24.0
XAUUSDm,12-14,RSI14DIP,P1_24h2-25h1,0,0,0,0,0
XAUUSDm,12-14,VWAP,P1_24h2-25h1,247,-6.0,32.4,0.96,-24.0
XAUUSDm,12-14,BBREV,P1_24h2-25h1,748,49.0,35.0,1.1,-32.0
XAUUSDm,14-16,FVG,P1_24h2-25h1,243,-186.0,7.4,0.16,-185.0
XAUUSDm,14-16,BREAK24,P1_24h2-25h1,360,-5.0,32.2,0.98,-40.0
XAUUSDm,14-16,BREAK48,P1_24h2-25h1,300,-14.0,31.0,0.93,-32.0
XAUUSDm,14-16,RETEST24,P1_24h2-25h1,411,-6.0,32.4,0.98,-41.0
XAUUSDm,14-16,RETEST48,P1_24h2-25h1,342,-20.0,31.0,0.91,-47.0
XAUUSDm,14-16,MOMEMA,P1_24h2-25h1,742,61.0,35.6,1.13,-29.0
XAUUSDm,14-16,EMACROSS,P1_24h2-25h1,117,-5.0,31.6,0.94,-22.0
XAUUSDm,14-16,RSI2,P1_24h2-25h1,375,10.0,33.6,1.04,-37.0
XAUUSDm,14-16,RSI14DIP,P1_24h2-25h1,0,0,0,0,0
XAUUSDm,14-16,VWAP,P1_24h2-25h1,159,-19.0,28.9,0.83,-24.0
XAUUSDm,14-16,BBREV,P1_24h2-25h1,415,49.0,37.1,1.19,-18.0
XAUUSDm,16-18,FVG,P1_24h2-25h1,204,-147.0,8.8,0.2,-146.0
XAUUSDm,16-18,BREAK24,P1_24h2-25h1,265,-63.0,25.3,0.68,-70.0
XAUUSDm,16-18,BREAK48,P1_24h2-25h1,151,-61.0,19.9,0.5,-62.0
XAUUSDm,16-18,RETEST24,P1_24h2-25h1,308,29.0,35.7,1.15,-20.0
XAUUSDm,16-18,RETEST48,P1_24h2-25h1,167,34.0,40.1,1.34,-12.0
XAUUSDm,16-18,MOMEMA,P1_24h2-25h1,622,-1.0,32.8,1.0,-41.0
XAUUSDm,16-18,EMACROSS,P1_24h2-25h1,90,14.0,37.8,1.26,-10.0
XAUUSDm,16-18,RSI2,P1_24h2-25h1,274,16.0,34.7,1.09,-27.0
XAUUSDm,16-18,RSI14DIP,P1_24h2-25h1,0,0,0,0,0
XAUUSDm,16-18,VWAP,P1_24h2-25h1,89,13.0,38.2,1.24,-8.0
XAUUSDm,16-18,BBREV,P1_24h2-25h1,357,58.0,38.4,1.27,-20.0
XAUUSDm,18-20,FVG,P1_24h2-25h1,203,-158.0,7.4,0.16,-157.0
XAUUSDm,18-20,BREAK24,P1_24h2-25h1,296,-10.0,32.1,0.95,-49.0
XAUUSDm,18-20,BREAK48,P1_24h2-25h1,153,-14.0,30.1,0.87,-30.0
XAUUSDm,18-20,RETEST24,P1_24h2-25h1,352,-8.0,32.4,0.97,-33.0
XAUUSDm,18-20,RETEST48,P1_24h2-25h1,188,-16.0,30.3,0.88,-23.0
XAUUSDm,18-20,MOMEMA,P1_24h2-25h1,666,-17.0,32.3,0.96,-62.0
XAUUSDm,18-20,EMACROSS,P1_24h2-25h1,77,13.0,39.0,1.28,-11.0
XAUUSDm,18-20,RSI2,P1_24h2-25h1,327,43.0,37.6,1.21,-16.0
XAUUSDm,18-20,RSI14DIP,P1_24h2-25h1,0,0,0,0,0
XAUUSDm,18-20,VWAP,P1_24h2-25h1,69,-17.0,24.6,0.67,-29.0
XAUUSDm,18-20,BBREV,P1_24h2-25h1,367,31.0,36.0,1.13,-17.0
XAUUSDm,20-22,FVG,P1_24h2-25h1,136,-64.0,17.6,0.43,-63.0
XAUUSDm,20-22,BREAK24,P1_24h2-25h1,177,49.0,42.4,1.49,-9.0
XAUUSDm,20-22,BREAK48,P1_24h2-25h1,113,2.0,33.6,1.03,-17.0
XAUUSDm,20-22,RETEST24,P1_24h2-25h1,194,21.0,36.6,1.17,-24.0
XAUUSDm,20-22,RETEST48,P1_24h2-25h1,127,43.0,44.1,1.62,-8.0
XAUUSDm,20-22,MOMEMA,P1_24h2-25h1,414,45.0,36.7,1.17,-34.0
XAUUSDm,20-22,EMACROSS,P1_24h2-25h1,55,-4.0,30.9,0.89,-11.0
XAUUSDm,20-22,RSI2,P1_24h2-25h1,197,19.0,36.5,1.15,-12.0
XAUUSDm,20-22,RSI14DIP,P1_24h2-25h1,0,0,0,0,0
XAUUSDm,20-22,VWAP,P1_24h2-25h1,34,14.0,47.1,1.78,-5.0
XAUUSDm,20-22,BBREV,P1_24h2-25h1,204,41.0,39.7,1.34,-10.0
XAUUSDm,22-24,FVG,P1_24h2-25h1,212,-146.0,10.4,0.23,-146.0
XAUUSDm,22-24,BREAK24,P1_24h2-25h1,271,29.0,36.9,1.17,-23.0
XAUUSDm,22-24,BREAK48,P1_24h2-25h1,179,19.0,36.9,1.17,-12.0
XAUUSDm,22-24,RETEST24,P1_24h2-25h1,291,35.0,37.1,1.19,-19.0
XAUUSDm,22-24,RETEST48,P1_24h2-25h1,201,36.0,39.3,1.3,-12.0
XAUUSDm,22-24,MOMEMA,P1_24h2-25h1,577,-15.0,32.2,0.96,-48.0
XAUUSDm,22-24,EMACROSS,P1_24h2-25h1,81,-11.0,28.4,0.81,-21.0
XAUUSDm,22-24,RSI2,P1_24h2-25h1,283,0.0,33.2,1.0,-22.0
XAUUSDm,22-24,RSI14DIP,P1_24h2-25h1,0,0,0,0,0
XAUUSDm,22-24,VWAP,P1_24h2-25h1,138,-9.0,31.2,0.91,-29.0
XAUUSDm,22-24,BBREV,P1_24h2-25h1,344,-10.0,32.0,0.96,-25.0
XAUUSDm,00-02,FVG,P2_25h2-26e,157,-105.0,10.8,0.24,-106.0
XAUUSDm,00-02,BREAK24,P2_25h2-26e,294,1.0,33.3,1.01,-19.0
XAUUSDm,00-02,BREAK48,P2_25h2-26e,231,-9.0,32.0,0.94,-15.0
XAUUSDm,00-02,RETEST24,P2_25h2-26e,331,-23.0,30.8,0.9,-36.0
XAUUSDm,00-02,RETEST48,P2_25h2-26e,265,5.0,34.0,1.03,-19.0
XAUUSDm,00-02,MOMEMA,P2_25h2-26e,533,12.0,34.0,1.03,-26.0
XAUUSDm,00-02,EMACROSS,P2_25h2-26e,92,-23.0,25.0,0.67,-26.0
XAUUSDm,00-02,RSI2,P2_25h2-26e,316,-29.0,30.1,0.87,-39.0
XAUUSDm,00-02,RSI14DIP,P2_25h2-26e,0,0,0,0,0
XAUUSDm,00-02,VWAP,P2_25h2-26e,387,1.0,33.3,1.0,-27.0
XAUUSDm,00-02,BBREV,P2_25h2-26e,375,4.0,33.6,1.02,-30.0
XAUUSDm,02-04,FVG,P2_25h2-26e,144,-114.0,6.9,0.15,-115.0
XAUUSDm,02-04,BREAK24,P2_25h2-26e,178,-5.0,32.0,0.96,-18.0
XAUUSDm,02-04,BREAK48,P2_25h2-26e,124,4.0,33.9,1.05,-14.0
XAUUSDm,02-04,RETEST24,P2_25h2-26e,205,23.0,37.1,1.18,-16.0
XAUUSDm,02-04,RETEST48,P2_25h2-26e,155,22.0,38.1,1.23,-12.0
XAUUSDm,02-04,MOMEMA,P2_25h2-26e,398,17.0,34.4,1.07,-33.0
XAUUSDm,02-04,EMACROSS,P2_25h2-26e,67,3.0,34.3,1.07,-12.0
XAUUSDm,02-04,RSI2,P2_25h2-26e,188,19.0,36.2,1.16,-20.0
XAUUSDm,02-04,RSI14DIP,P2_25h2-26e,0,0,0,0,0
XAUUSDm,02-04,VWAP,P2_25h2-26e,149,7.0,34.9,1.07,-15.0
XAUUSDm,02-04,BBREV,P2_25h2-26e,217,11.0,34.6,1.08,-18.0
XAUUSDm,04-06,FVG,P2_25h2-26e,142,-112.0,7.0,0.15,-111.0
XAUUSDm,04-06,BREAK24,P2_25h2-26e,228,39.0,39.0,1.28,-20.0
XAUUSDm,04-06,BREAK48,P2_25h2-26e,147,30.0,40.1,1.34,-11.0
XAUUSDm,04-06,RETEST24,P2_25h2-26e,269,1.0,33.1,1.01,-21.0
XAUUSDm,04-06,RETEST48,P2_25h2-26e,184,-4.0,32.1,0.97,-21.0
XAUUSDm,04-06,MOMEMA,P2_25h2-26e,458,53.0,36.9,1.19,-19.0
XAUUSDm,04-06,EMACROSS,P2_25h2-26e,36,3.0,36.1,1.13,-9.0
XAUUSDm,04-06,RSI2,P2_25h2-26e,234,-17.0,30.8,0.89,-25.0
XAUUSDm,04-06,RSI14DIP,P2_25h2-26e,0,0,0,0,0
XAUUSDm,04-06,VWAP,P2_25h2-26e,103,21.0,39.8,1.34,-9.0
XAUUSDm,04-06,BBREV,P2_25h2-26e,307,-11.0,31.9,0.95,-29.0
XAUUSDm,06-08,FVG,P2_25h2-26e,153,-102.0,11.1,0.25,-101.0
XAUUSDm,06-08,BREAK24,P2_25h2-26e,247,-10.0,31.6,0.94,-42.0
XAUUSDm,06-08,BREAK48,P2_25h2-26e,172,-2.0,32.6,0.98,-24.0
XAUUSDm,06-08,RETEST24,P2_25h2-26e,284,-27.0,29.9,0.86,-48.0
XAUUSDm,06-08,RETEST48,P2_25h2-26e,194,-23.0,28.9,0.83,-33.0
XAUUSDm,06-08,MOMEMA,P2_25h2-26e,482,35.0,35.5,1.11,-17.0
XAUUSDm,06-08,EMACROSS,P2_25h2-26e,70,4.0,34.3,1.09,-7.0
XAUUSDm,06-08,RSI2,P2_25h2-26e,244,-7.0,32.4,0.96,-52.0
XAUUSDm,06-08,RSI14DIP,P2_25h2-26e,0,0,0,0,0
XAUUSDm,06-08,VWAP,P2_25h2-26e,132,7.0,34.8,1.08,-12.0
XAUUSDm,06-08,BBREV,P2_25h2-26e,289,3.0,33.6,1.02,-27.0
XAUUSDm,08-10,FVG,P2_25h2-26e,122,-110.0,3.3,0.07,-109.0
XAUUSDm,08-10,BREAK24,P2_25h2-26e,191,-10.0,31.4,0.92,-19.0
XAUUSDm,08-10,BREAK48,P2_25h2-26e,141,4.0,34.0,1.04,-14.0
XAUUSDm,08-10,RETEST24,P2_25h2-26e,218,48.0,40.4,1.38,-10.0
XAUUSDm,08-10,RETEST48,P2_25h2-26e,150,27.0,39.3,1.3,-12.0
XAUUSDm,08-10,MOMEMA,P2_25h2-26e,449,69.0,38.3,1.25,-12.0
XAUUSDm,08-10,EMACROSS,P2_25h2-26e,49,-4.0,30.6,0.88,-18.0
XAUUSDm,08-10,RSI2,P2_25h2-26e,201,11.0,34.8,1.09,-30.0
XAUUSDm,08-10,RSI14DIP,P2_25h2-26e,0,0,0,0,0
XAUUSDm,08-10,VWAP,P2_25h2-26e,96,19.0,39.6,1.33,-10.0
XAUUSDm,08-10,BBREV,P2_25h2-26e,243,10.0,34.6,1.06,-25.0
XAUUSDm,10-12,FVG,P2_25h2-26e,150,-102.0,10.7,0.24,-101.0
XAUUSDm,10-12,BREAK24,P2_25h2-26e,153,3.0,33.3,1.03,-22.0
XAUUSDm,10-12,BREAK48,P2_25h2-26e,84,-6.0,31.0,0.9,-19.0
XAUUSDm,10-12,RETEST24,P2_25h2-26e,207,27.0,37.2,1.21,-18.0
XAUUSDm,10-12,RETEST48,P2_25h2-26e,123,40.0,43.9,1.59,-8.0
XAUUSDm,10-12,MOMEMA,P2_25h2-26e,437,-14.0,32.0,0.95,-44.0
XAUUSDm,10-12,EMACROSS,P2_25h2-26e,51,-20.0,19.6,0.5,-21.0
XAUUSDm,10-12,RSI2,P2_25h2-26e,158,-1.0,32.9,0.99,-25.0
XAUUSDm,10-12,RSI14DIP,P2_25h2-26e,0,0,0,0,0
XAUUSDm,10-12,VWAP,P2_25h2-26e,84,11.0,36.9,1.22,-6.0
XAUUSDm,10-12,BBREV,P2_25h2-26e,276,27.0,36.6,1.15,-21.0
XAUUSDm,12-14,FVG,P2_25h2-26e,160,-99.0,12.5,0.29,-101.0
XAUUSDm,12-14,BREAK24,P2_25h2-26e,313,38.0,37.1,1.2,-15.0
XAUUSDm,12-14,BREAK48,P2_25h2-26e,218,48.0,40.4,1.38,-13.0
XAUUSDm,12-14,RETEST24,P2_25h2-26e,332,2.0,33.4,1.01,-28.0
XAUUSDm,12-14,RETEST48,P2_25h2-26e,260,4.0,33.8,1.02,-30.0
XAUUSDm,12-14,MOMEMA,P2_25h2-26e,542,70.0,37.3,1.21,-21.0
XAUUSDm,12-14,EMACROSS,P2_25h2-26e,117,22.0,39.3,1.31,-7.0
XAUUSDm,12-14,RSI2,P2_25h2-26e,327,-16.0,31.2,0.93,-33.0
XAUUSDm,12-14,RSI14DIP,P2_25h2-26e,0,0,0,0,0
XAUUSDm,12-14,VWAP,P2_25h2-26e,162,1.0,33.3,1.01,-16.0
XAUUSDm,12-14,BBREV,P2_25h2-26e,413,-3.0,32.7,0.99,-32.0
XAUUSDm,14-16,FVG,P2_25h2-26e,132,-105.0,6.8,0.15,-107.0
XAUUSDm,14-16,BREAK24,P2_25h2-26e,253,-9.0,32.0,0.95,-32.0
XAUUSDm,14-16,BREAK48,P2_25h2-26e,220,-12.0,31.4,0.92,-27.0
XAUUSDm,14-16,RETEST24,P2_25h2-26e,257,-6.0,32.3,0.97,-26.0
XAUUSDm,14-16,RETEST48,P2_25h2-26e,224,-10.0,31.7,0.93,-23.0
XAUUSDm,14-16,MOMEMA,P2_25h2-26e,475,0.0,32.8,1.0,-40.0
XAUUSDm,14-16,EMACROSS,P2_25h2-26e,64,5.0,35.9,1.12,-10.0
XAUUSDm,14-16,RSI2,P2_25h2-26e,252,-36.0,28.2,0.8,-44.0
XAUUSDm,14-16,RSI14DIP,P2_25h2-26e,0,0,0,0,0
XAUUSDm,14-16,VWAP,P2_25h2-26e,105,0.0,33.3,1.0,-20.0
XAUUSDm,14-16,BBREV,P2_25h2-26e,263,-9.0,31.9,0.95,-28.0
XAUUSDm,16-18,FVG,P2_25h2-26e,111,-66.0,13.5,0.31,-69.0
XAUUSDm,16-18,BREAK24,P2_25h2-26e,168,-27.0,28.0,0.78,-32.0
XAUUSDm,16-18,BREAK48,P2_25h2-26e,96,0.0,33.3,1.0,-16.0
XAUUSDm,16-18,RETEST24,P2_25h2-26e,200,25.0,37.0,1.2,-14.0
XAUUSDm,16-18,RETEST48,P2_25h2-26e,123,10.0,35.8,1.13,-19.0
XAUUSDm,16-18,MOMEMA,P2_25h2-26e,352,26.0,35.2,1.12,-19.0
XAUUSDm,16-18,EMACROSS,P2_25h2-26e,35,4.0,37.1,1.18,-4.0
XAUUSDm,16-18,RSI2,P2_25h2-26e,177,39.0,40.1,1.38,-7.0
XAUUSDm,16-18,RSI14DIP,P2_25h2-26e,0,0,0,0,0
XAUUSDm,16-18,VWAP,P2_25h2-26e,56,-10.0,26.8,0.75,-15.0
XAUUSDm,16-18,BBREV,P2_25h2-26e,201,24.0,36.8,1.19,-10.0
XAUUSDm,18-20,FVG,P2_25h2-26e,150,-120.0,6.7,0.14,-119.0
XAUUSDm,18-20,BREAK24,P2_25h2-26e,185,7.0,34.6,1.06,-24.0
XAUUSDm,18-20,BREAK48,P2_25h2-26e,93,24.0,41.9,1.44,-6.0
XAUUSDm,18-20,RETEST24,P2_25h2-26e,207,20.0,36.2,1.15,-22.0
XAUUSDm,18-20,RETEST48,P2_25h2-26e,106,-15.0,28.3,0.8,-22.0
XAUUSDm,18-20,MOMEMA,P2_25h2-26e,405,43.0,36.5,1.17,-19.0
XAUUSDm,18-20,EMACROSS,P2_25h2-26e,40,0.0,32.5,1.0,-8.0
XAUUSDm,18-20,RSI2,P2_25h2-26e,197,5.0,34.0,1.04,-18.0
XAUUSDm,18-20,RSI14DIP,P2_25h2-26e,0,0,0,0,0
XAUUSDm,18-20,VWAP,P2_25h2-26e,55,0.0,32.7,1.0,-12.0
XAUUSDm,18-20,BBREV,P2_25h2-26e,238,32.0,37.4,1.22,-16.0
XAUUSDm,20-22,FVG,P2_25h2-26e,78,-54.0,10.3,0.23,-53.0
XAUUSDm,20-22,BREAK24,P2_25h2-26e,103,-1.0,33.0,0.99,-19.0
XAUUSDm,20-22,BREAK48,P2_25h2-26e,60,9.0,38.3,1.24,-6.0
XAUUSDm,20-22,RETEST24,P2_25h2-26e,123,1.0,33.3,1.01,-23.0
XAUUSDm,20-22,RETEST48,P2_25h2-26e,64,0.0,32.8,1.0,-16.0
XAUUSDm,20-22,MOMEMA,P2_25h2-26e,253,18.0,35.6,1.11,-24.0
XAUUSDm,20-22,EMACROSS,P2_25h2-26e,32,-2.0,31.2,0.91,-8.0
XAUUSDm,20-22,RSI2,P2_25h2-26e,109,16.0,37.6,1.24,-12.0
XAUUSDm,20-22,RSI14DIP,P2_25h2-26e,0,0,0,0,0
XAUUSDm,20-22,VWAP,P2_25h2-26e,27,-12.0,18.5,0.45,-13.0
XAUUSDm,20-22,BBREV,P2_25h2-26e,133,-6.0,31.6,0.93,-17.0
XAUUSDm,22-24,FVG,P2_25h2-26e,137,-86.0,12.4,0.28,-86.0
XAUUSDm,22-24,BREAK24,P2_25h2-26e,185,31.0,38.9,1.27,-10.0
XAUUSDm,22-24,BREAK48,P2_25h2-26e,135,21.0,38.5,1.25,-6.0
XAUUSDm,22-24,RETEST24,P2_25h2-26e,208,1.0,33.2,1.01,-14.0
XAUUSDm,22-24,RETEST48,P2_25h2-26e,152,-10.0,30.9,0.9,-17.0
XAUUSDm,22-24,MOMEMA,P2_25h2-26e,382,24.0,35.3,1.1,-38.0
XAUUSDm,22-24,EMACROSS,P2_25h2-26e,39,0.0,33.3,1.0,-14.0
XAUUSDm,22-24,RSI2,P2_25h2-26e,195,9.0,34.9,1.07,-20.0
XAUUSDm,22-24,RSI14DIP,P2_25h2-26e,0,0,0,0,0
XAUUSDm,22-24,VWAP,P2_25h2-26e,95,-8.0,30.5,0.88,-23.0
XAUUSDm,22-24,BBREV,P2_25h2-26e,247,19.0,35.6,1.12,-16.0
XAUUSDm,00-02,FVG,P3_26f-26a,136,-105.0,7.4,0.16,-104.0
XAUUSDm,00-02,BREAK24,P3_26f-26a,260,52.0,39.6,1.34,-16.0
XAUUSDm,00-02,BREAK48,P3_26f-26a,194,24.0,37.1,1.2,-18.0
XAUUSDm,00-02,RETEST24,P3_26f-26a,297,13.0,34.7,1.07,-16.0
XAUUSDm,00-02,RETEST48,P3_26f-26a,231,28.0,37.2,1.19,-13.0
XAUUSDm,00-02,MOMEMA,P3_26f-26a,467,93.0,39.8,1.33,-14.0
XAUUSDm,00-02,EMACROSS,P3_26f-26a,79,32.0,46.8,1.76,-7.0
XAUUSDm,00-02,RSI2,P3_26f-26a,285,-38.0,28.8,0.81,-37.0
XAUUSDm,00-02,RSI14DIP,P3_26f-26a,0,0,0,0,0
XAUUSDm,00-02,VWAP,P3_26f-26a,342,4.0,33.6,1.02,-28.0
XAUUSDm,00-02,BBREV,P3_26f-26a,352,16.0,34.7,1.07,-14.0
XAUUSDm,02-04,FVG,P3_26f-26a,104,-63.0,12.5,0.29,-62.0
XAUUSDm,02-04,BREAK24,P3_26f-26a,133,-14.0,29.3,0.85,-21.0
XAUUSDm,02-04,BREAK48,P3_26f-26a,92,-10.0,29.3,0.84,-19.0
XAUUSDm,02-04,RETEST24,P3_26f-26a,189,-10.0,31.2,0.92,-24.0
XAUUSDm,02-04,RETEST48,P3_26f-26a,138,-14.0,29.7,0.85,-25.0
XAUUSDm,02-04,MOMEMA,P3_26f-26a,313,62.0,39.3,1.34,-11.0
XAUUSDm,02-04,EMACROSS,P3_26f-26a,45,2.0,33.3,1.07,-14.0
XAUUSDm,02-04,RSI2,P3_26f-26a,145,1.0,33.1,1.01,-16.0
XAUUSDm,02-04,RSI14DIP,P3_26f-26a,0,0,0,0,0
XAUUSDm,02-04,VWAP,P3_26f-26a,104,5.0,34.6,1.07,-15.0
XAUUSDm,02-04,BBREV,P3_26f-26a,167,6.0,34.1,1.06,-29.0
XAUUSDm,04-06,FVG,P3_26f-26a,121,-86.0,9.1,0.2,-85.0
XAUUSDm,04-06,BREAK24,P3_26f-26a,212,25.0,36.8,1.19,-12.0
XAUUSDm,04-06,BREAK48,P3_26f-26a,114,29.0,41.2,1.45,-7.0
XAUUSDm,04-06,RETEST24,P3_26f-26a,224,32.0,37.9,1.23,-14.0
XAUUSDm,04-06,RETEST48,P3_26f-26a,133,6.0,34.6,1.07,-11.0
XAUUSDm,04-06,MOMEMA,P3_26f-26a,409,76.0,39.1,1.31,-17.0
XAUUSDm,04-06,EMACROSS,P3_26f-26a,47,-11.0,25.5,0.69,-17.0
XAUUSDm,04-06,RSI2,P3_26f-26a,222,-2.0,32.9,0.99,-25.0
XAUUSDm,04-06,RSI14DIP,P3_26f-26a,0,0,0,0,0
XAUUSDm,04-06,VWAP,P3_26f-26a,127,28.0,40.2,1.38,-7.0
XAUUSDm,04-06,BBREV,P3_26f-26a,305,-25.0,30.2,0.88,-43.0
XAUUSDm,06-08,FVG,P3_26f-26a,122,-94.0,7.4,0.16,-93.0
XAUUSDm,06-08,BREAK24,P3_26f-26a,185,15.0,35.7,1.13,-15.0
XAUUSDm,06-08,BREAK48,P3_26f-26a,140,11.0,35.7,1.12,-15.0
XAUUSDm,06-08,RETEST24,P3_26f-26a,217,-25.0,29.5,0.84,-34.0
XAUUSDm,06-08,RETEST48,P3_26f-26a,174,-12.0,31.0,0.9,-25.0
XAUUSDm,06-08,MOMEMA,P3_26f-26a,396,7.0,33.8,1.03,-48.0
XAUUSDm,06-08,EMACROSS,P3_26f-26a,57,0.0,33.3,1.0,-13.0
XAUUSDm,06-08,RSI2,P3_26f-26a,196,-5.0,32.1,0.96,-18.0
XAUUSDm,06-08,RSI14DIP,P3_26f-26a,0,0,0,0,0
XAUUSDm,06-08,VWAP,P3_26f-26a,113,18.0,38.1,1.26,-9.0
XAUUSDm,06-08,BBREV,P3_26f-26a,254,10.0,34.6,1.06,-23.0
XAUUSDm,08-10,FVG,P3_26f-26a,106,-79.0,8.5,0.19,-81.0
XAUUSDm,08-10,BREAK24,P3_26f-26a,165,-30.0,27.3,0.75,-41.0
XAUUSDm,08-10,BREAK48,P3_26f-26a,95,-26.0,24.2,0.64,-39.0
XAUUSDm,08-10,RETEST24,P3_26f-26a,224,16.0,35.3,1.11,-11.0
XAUUSDm,08-10,RETEST48,P3_26f-26a,151,-4.0,31.8,0.96,-10.0
XAUUSDm,08-10,MOMEMA,P3_26f-26a,374,-32.0,30.2,0.88,-50.0
XAUUSDm,08-10,EMACROSS,P3_26f-26a,62,-5.0,30.6,0.88,-16.0
XAUUSDm,08-10,RSI2,P3_26f-26a,171,23.0,37.4,1.22,-11.0
XAUUSDm,08-10,RSI14DIP,P3_26f-26a,0,0,0,0,0
XAUUSDm,08-10,VWAP,P3_26f-26a,84,1.0,33.3,1.02,-14.0
XAUUSDm,08-10,BBREV,P3_26f-26a,244,2.0,33.2,1.01,-22.0
XAUUSDm,10-12,FVG,P3_26f-26a,114,-77.0,10.5,0.24,-76.0
XAUUSDm,10-12,BREAK24,P3_26f-26a,185,-6.0,31.4,0.95,-25.0
XAUUSDm,10-12,BREAK48,P3_26f-26a,123,12.0,35.8,1.16,-11.0
XAUUSDm,10-12,RETEST24,P3_26f-26a,231,18.0,35.1,1.12,-24.0
XAUUSDm,10-12,RETEST48,P3_26f-26a,146,19.0,37.0,1.21,-12.0
XAUUSDm,10-12,MOMEMA,P3_26f-26a,416,-6.0,32.2,0.98,-23.0
XAUUSDm,10-12,EMACROSS,P3_26f-26a,71,-13.0,26.8,0.75,-18.0
XAUUSDm,10-12,RSI2,P3_26f-26a,191,17.0,36.1,1.14,-16.0
XAUUSDm,10-12,RSI14DIP,P3_26f-26a,0,0,0,0,0
XAUUSDm,10-12,VWAP,P3_26f-26a,102,-7.0,30.4,0.9,-23.0
XAUUSDm,10-12,BBREV,P3_26f-26a,300,24.0,35.7,1.13,-15.0
XAUUSDm,12-14,FVG,P3_26f-26a,151,-117.0,7.3,0.16,-116.0
XAUUSDm,12-14,BREAK24,P3_26f-26a,249,-11.0,31.7,0.93,-22.0
XAUUSDm,12-14,BREAK48,P3_26f-26a,193,-7.0,32.1,0.95,-13.0
XAUUSDm,12-14,RETEST24,P3_26f-26a,289,23.0,35.6,1.13,-20.0
XAUUSDm,12-14,RETEST48,P3_26f-26a,217,11.0,34.6,1.08,-16.0
XAUUSDm,12-14,MOMEMA,P3_26f-26a,496,-2.0,32.9,0.99,-21.0
XAUUSDm,12-14,EMACROSS,P3_26f-26a,79,-21.0,24.1,0.64,-21.0
XAUUSDm,12-14,RSI2,P3_26f-26a,255,-18.0,30.6,0.9,-41.0
XAUUSDm,12-14,RSI14DIP,P3_26f-26a,0,0,0,0,0
XAUUSDm,12-14,VWAP,P3_26f-26a,138,-3.0,32.6,0.97,-15.0
XAUUSDm,12-14,BBREV,P3_26f-26a,367,23.0,34.9,1.1,-16.0
XAUUSDm,14-16,FVG,P3_26f-26a,124,-68.0,14.5,0.35,-71.0
XAUUSDm,14-16,BREAK24,P3_26f-26a,154,17.0,36.4,1.18,-21.0
XAUUSDm,14-16,BREAK48,P3_26f-26a,119,19.0,37.8,1.27,-9.0
XAUUSDm,14-16,RETEST24,P3_26f-26a,197,25.0,37.6,1.2,-11.0
XAUUSDm,14-16,RETEST48,P3_26f-26a,147,39.0,42.2,1.46,-9.0
XAUUSDm,14-16,MOMEMA,P3_26f-26a,386,-14.0,31.6,0.95,-48.0
XAUUSDm,14-16,EMACROSS,P3_26f-26a,49,14.0,42.9,1.5,-6.0
XAUUSDm,14-16,RSI2,P3_26f-26a,160,2.0,33.1,1.02,-20.0
XAUUSDm,14-16,RSI14DIP,P3_26f-26a,0,0,0,0,0
XAUUSDm,14-16,VWAP,P3_26f-26a,70,21.0,42.9,1.54,-7.0
XAUUSDm,14-16,BBREV,P3_26f-26a,237,-10.0,31.6,0.94,-31.0
XAUUSDm,16-18,FVG,P3_26f-26a,84,-54.0,11.9,0.27,-56.0
XAUUSDm,16-18,BREAK24,P3_26f-26a,131,-14.0,29.8,0.85,-24.0
XAUUSDm,16-18,BREAK48,P3_26f-26a,68,-17.0,25.0,0.67,-21.0
XAUUSDm,16-18,RETEST24,P3_26f-26a,181,36.0,39.2,1.34,-15.0
XAUUSDm,16-18,RETEST48,P3_26f-26a,99,33.0,44.4,1.6,-8.0
XAUUSDm,16-18,MOMEMA,P3_26f-26a,309,6.0,34.0,1.03,-30.0
XAUUSDm,16-18,EMACROSS,P3_26f-26a,44,7.0,38.6,1.26,-5.0
XAUUSDm,16-18,RSI2,P3_26f-26a,135,17.0,37.0,1.2,-13.0
XAUUSDm,16-18,RSI14DIP,P3_26f-26a,0,0,0,0,0
XAUUSDm,16-18,VWAP,P3_26f-26a,53,-2.0,32.1,0.94,-12.0
XAUUSDm,16-18,BBREV,P3_26f-26a,199,19.0,36.2,1.15,-23.0
XAUUSDm,18-20,FVG,P3_26f-26a,123,-93.0,8.1,0.18,-93.0
XAUUSDm,18-20,BREAK24,P3_26f-26a,165,17.0,36.4,1.17,-10.0
XAUUSDm,18-20,BREAK48,P3_26f-26a,97,12.0,37.1,1.2,-14.0
XAUUSDm,18-20,RETEST24,P3_26f-26a,180,-9.0,31.7,0.93,-34.0
XAUUSDm,18-20,RETEST48,P3_26f-26a,100,-10.0,30.0,0.86,-23.0
XAUUSDm,18-20,MOMEMA,P3_26f-26a,370,34.0,36.2,1.15,-20.0
XAUUSDm,18-20,EMACROSS,P3_26f-26a,42,-3.0,31.0,0.9,-12.0
XAUUSDm,18-20,RSI2,P3_26f-26a,173,-32.0,27.2,0.75,-35.0
XAUUSDm,18-20,RSI14DIP,P3_26f-26a,0,0,0,0,0
XAUUSDm,18-20,VWAP,P3_26f-26a,27,-3.0,29.6,0.84,-6.0
XAUUSDm,18-20,BBREV,P3_26f-26a,236,26.0,36.9,1.18,-19.0
XAUUSDm,20-22,FVG,P3_26f-26a,56,-24.0,17.9,0.45,-28.0
XAUUSDm,20-22,BREAK24,P3_26f-26a,81,0.0,32.1,1.0,-11.0
XAUUSDm,20-22,BREAK48,P3_26f-26a,45,6.0,37.8,1.21,-9.0
XAUUSDm,20-22,RETEST24,P3_26f-26a,96,6.0,34.4,1.1,-14.0
XAUUSDm,20-22,RETEST48,P3_26f-26a,66,18.0,42.4,1.47,-8.0
XAUUSDm,20-22,MOMEMA,P3_26f-26a,197,9.0,34.0,1.07,-11.0
XAUUSDm,20-22,EMACROSS,P3_26f-26a,29,2.0,34.5,1.11,-5.0
XAUUSDm,20-22,RSI2,P3_26f-26a,85,-7.0,29.4,0.88,-16.0
XAUUSDm,20-22,RSI14DIP,P3_26f-26a,0,0,0,0,0
XAUUSDm,20-22,VWAP,P3_26f-26a,18,-5.0,22.2,0.62,-9.0
XAUUSDm,20-22,BBREV,P3_26f-26a,103,16.0,37.9,1.26,-18.0
XAUUSDm,22-24,FVG,P3_26f-26a,106,-75.0,9.4,0.21,-77.0
XAUUSDm,22-24,BREAK24,P3_26f-26a,207,3.0,33.8,1.02,-24.0
XAUUSDm,22-24,BREAK48,P3_26f-26a,152,19.0,37.5,1.2,-14.0
XAUUSDm,22-24,RETEST24,P3_26f-26a,206,-7.0,32.0,0.95,-24.0
XAUUSDm,22-24,RETEST48,P3_26f-26a,139,-4.0,32.4,0.96,-20.0
XAUUSDm,22-24,MOMEMA,P3_26f-26a,358,9.0,34.1,1.04,-39.0
XAUUSDm,22-24,EMACROSS,P3_26f-26a,45,12.0,42.2,1.46,-5.0
XAUUSDm,22-24,RSI2,P3_26f-26a,192,0.0,33.3,1.0,-14.0
XAUUSDm,22-24,RSI14DIP,P3_26f-26a,0,0,0,0,0
XAUUSDm,22-24,VWAP,P3_26f-26a,106,14.0,37.7,1.21,-15.0
XAUUSDm,22-24,BBREV,P3_26f-26a,283,-43.0,27.9,0.79,-54.0
BTCUSDm,00-02,FVG,P1_24h2-25h1,398,-279.0,9.5,0.21,-280.0
BTCUSDm,00-02,BREAK24,P1_24h2-25h1,543,-31.0,31.1,0.92,-39.0
BTCUSDm,00-02,BREAK48,P1_24h2-25h1,351,-10.0,32.2,0.96,-36.0
BTCUSDm,00-02,RETEST24,P1_24h2-25h1,605,18.0,33.9,1.05,-45.0
BTCUSDm,00-02,RETEST48,P1_24h2-25h1,368,41.0,36.7,1.18,-27.0
BTCUSDm,00-02,MOMEMA,P1_24h2-25h1,1213,41.0,34.0,1.05,-58.0
BTCUSDm,00-02,EMACROSS,P1_24h2-25h1,178,-29.0,27.5,0.77,-37.0
BTCUSDm,00-02,RSI2,P1_24h2-25h1,570,34.0,35.1,1.09,-20.0
BTCUSDm,00-02,RSI14DIP,P1_24h2-25h1,0,0,0,0,0
BTCUSDm,00-02,VWAP,P1_24h2-25h1,875,51.0,35.0,1.09,-60.0
BTCUSDm,00-02,BBREV,P1_24h2-25h1,795,86.0,36.6,1.17,-28.0
BTCUSDm,02-04,FVG,P1_24h2-25h1,299,-221.0,8.4,0.18,-220.0
BTCUSDm,02-04,BREAK24,P1_24h2-25h1,398,7.0,33.9,1.03,-26.0
BTCUSDm,02-04,BREAK48,P1_24h2-25h1,272,10.0,34.6,1.06,-25.0
BTCUSDm,02-04,RETEST24,P1_24h2-25h1,458,1.0,33.2,1.0,-28.0
BTCUSDm,02-04,RETEST48,P1_24h2-25h1,320,8.0,34.1,1.04,-20.0
BTCUSDm,02-04,MOMEMA,P1_24h2-25h1,963,103.0,36.7,1.17,-39.0
BTCUSDm,02-04,EMACROSS,P1_24h2-25h1,148,-9.0,31.1,0.91,-18.0
BTCUSDm,02-04,RSI2,P1_24h2-25h1,409,-2.0,33.0,0.99,-37.0
BTCUSDm,02-04,RSI14DIP,P1_24h2-25h1,0,0,0,0,0
BTCUSDm,02-04,VWAP,P1_24h2-25h1,352,59.0,38.6,1.28,-25.0
BTCUSDm,02-04,BBREV,P1_24h2-25h1,540,-39.0,30.7,0.89,-67.0
BTCUSDm,04-06,FVG,P1_24h2-25h1,333,-239.0,9.0,0.2,-238.0
BTCUSDm,04-06,BREAK24,P1_24h2-25h1,455,14.0,34.1,1.05,-29.0
BTCUSDm,04-06,BREAK48,P1_24h2-25h1,251,2.0,33.5,1.01,-22.0
BTCUSDm,04-06,RETEST24,P1_24h2-25h1,519,-38.0,30.4,0.89,-53.0
BTCUSDm,04-06,RETEST48,P1_24h2-25h1,293,-21.0,30.4,0.89,-43.0
BTCUSDm,04-06,MOMEMA,P1_24h2-25h1,990,90.0,36.0,1.14,-26.0
BTCUSDm,04-06,EMACROSS,P1_24h2-25h1,134,1.0,33.6,1.01,-15.0
BTCUSDm,04-06,RSI2,P1_24h2-25h1,458,-28.0,30.8,0.91,-35.0
BTCUSDm,04-06,RSI14DIP,P1_24h2-25h1,0,0,0,0,0
BTCUSDm,04-06,VWAP,P1_24h2-25h1,299,21.0,35.1,1.11,-32.0
BTCUSDm,04-06,BBREV,P1_24h2-25h1,636,-69.0,29.4,0.84,-78.0
BTCUSDm,06-08,FVG,P1_24h2-25h1,354,-240.0,10.5,0.24,-244.0
BTCUSDm,06-08,BREAK24,P1_24h2-25h1,547,16.0,34.2,1.04,-31.0
BTCUSDm,06-08,BREAK48,P1_24h2-25h1,362,-14.0,32.0,0.94,-42.0
BTCUSDm,06-08,RETEST24,P1_24h2-25h1,573,7.0,33.7,1.02,-38.0
BTCUSDm,06-08,RETEST48,P1_24h2-25h1,372,-5.0,32.8,0.98,-34.0
BTCUSDm,06-08,MOMEMA,P1_24h2-25h1,1117,130.0,37.0,1.19,-23.0
BTCUSDm,06-08,EMACROSS,P1_24h2-25h1,163,-16.0,30.1,0.86,-30.0
BTCUSDm,06-08,RSI2,P1_24h2-25h1,572,-10.0,32.5,0.97,-40.0
BTCUSDm,06-08,RSI14DIP,P1_24h2-25h1,0,0,0,0,0
BTCUSDm,06-08,VWAP,P1_24h2-25h1,294,10.0,34.4,1.05,-20.0
BTCUSDm,06-08,BBREV,P1_24h2-25h1,715,-82.0,29.2,0.84,-81.0
BTCUSDm,08-10,FVG,P1_24h2-25h1,312,-217.0,9.9,0.22,-219.0
BTCUSDm,08-10,BREAK24,P1_24h2-25h1,521,-17.0,32.1,0.95,-73.0
BTCUSDm,08-10,BREAK48,P1_24h2-25h1,356,-7.0,32.3,0.97,-50.0
BTCUSDm,08-10,RETEST24,P1_24h2-25h1,593,7.0,33.6,1.02,-31.0
BTCUSDm,08-10,RETEST48,P1_24h2-25h1,415,-29.0,30.8,0.9,-39.0
BTCUSDm,08-10,MOMEMA,P1_24h2-25h1,1110,45.0,34.4,1.06,-29.0
BTCUSDm,08-10,EMACROSS,P1_24h2-25h1,146,-9.0,30.8,0.91,-19.0
BTCUSDm,08-10,RSI2,P1_24h2-25h1,534,-13.0,32.2,0.96,-41.0
BTCUSDm,08-10,RSI14DIP,P1_24h2-25h1,0,0,0,0,0
BTCUSDm,08-10,VWAP,P1_24h2-25h1,230,4.0,33.5,1.03,-34.0
BTCUSDm,08-10,BBREV,P1_24h2-25h1,711,-85.0,29.1,0.83,-94.0
BTCUSDm,10-12,FVG,P1_24h2-25h1,334,-250.0,8.1,0.18,-249.0
BTCUSDm,10-12,BREAK24,P1_24h2-25h1,472,-29.0,30.9,0.91,-47.0
BTCUSDm,10-12,BREAK48,P1_24h2-25h1,318,-25.0,30.5,0.89,-42.0
BTCUSDm,10-12,RETEST24,P1_24h2-25h1,578,-83.0,28.2,0.8,-90.0
BTCUSDm,10-12,RETEST48,P1_24h2-25h1,382,-38.0,29.6,0.86,-50.0
BTCUSDm,10-12,MOMEMA,P1_24h2-25h1,1070,-10.0,32.9,0.99,-49.0
BTCUSDm,10-12,EMACROSS,P1_24h2-25h1,165,-10.0,30.9,0.91,-26.0
BTCUSDm,10-12,RSI2,P1_24h2-25h1,494,-14.0,32.0,0.96,-46.0
BTCUSDm,10-12,RSI14DIP,P1_24h2-25h1,0,0,0,0,0
BTCUSDm,10-12,VWAP,P1_24h2-25h1,207,-17.0,30.4,0.88,-26.0
BTCUSDm,10-12,BBREV,P1_24h2-25h1,700,-93.0,28.7,0.81,-108.0
BTCUSDm,12-14,FVG,P1_24h2-25h1,375,-260.0,9.9,0.22,-262.0
BTCUSDm,12-14,BREAK24,P1_24h2-25h1,672,-17.0,32.1,0.96,-33.0
BTCUSDm,12-14,BREAK48,P1_24h2-25h1,482,-27.0,31.1,0.92,-50.0
BTCUSDm,12-14,RETEST24,P1_24h2-25h1,720,-23.0,31.9,0.95,-61.0
BTCUSDm,12-14,RETEST48,P1_24h2-25h1,531,-15.0,32.0,0.96,-57.0
BTCUSDm,12-14,MOMEMA,P1_24h2-25h1,1305,-8.0,32.8,0.99,-65.0
BTCUSDm,12-14,EMACROSS,P1_24h2-25h1,157,8.0,34.4,1.08,-27.0
BTCUSDm,12-14,RSI2,P1_24h2-25h1,682,55.0,35.8,1.13,-30.0
BTCUSDm,12-14,RSI14DIP,P1_24h2-25h1,0,0,0,0,0
BTCUSDm,12-14,VWAP,P1_24h2-25h1,319,0.0,32.9,1.0,-17.0
BTCUSDm,12-14,BBREV,P1_24h2-25h1,1012,-111.0,29.4,0.84,-132.0
BTCUSDm,14-16,FVG,P1_24h2-25h1,357,-261.0,8.4,0.19,-260.0
BTCUSDm,14-16,BREAK24,P1_24h2-25h1,610,-28.0,31.1,0.93,-65.0
BTCUSDm,14-16,BREAK48,P1_24h2-25h1,514,-35.0,30.5,0.9,-61.0
BTCUSDm,14-16,RETEST24,P1_24h2-25h1,654,25.0,33.9,1.06,-29.0
BTCUSDm,14-16,RETEST48,P1_24h2-25h1,570,-2.0,32.6,0.99,-33.0
BTCUSDm,14-16,MOMEMA,P1_24h2-25h1,1201,109.0,35.9,1.14,-24.0
BTCUSDm,14-16,EMACROSS,P1_24h2-25h1,204,-29.0,27.9,0.8,-36.0
BTCUSDm,14-16,RSI2,P1_24h2-25h1,614,-19.0,31.9,0.95,-49.0
BTCUSDm,14-16,RSI14DIP,P1_24h2-25h1,0,0,0,0,0
BTCUSDm,14-16,VWAP,P1_24h2-25h1,289,29.0,36.0,1.16,-15.0
BTCUSDm,14-16,BBREV,P1_24h2-25h1,773,7.0,33.4,1.01,-59.0
BTCUSDm,16-18,FVG,P1_24h2-25h1,324,-234.0,9.0,0.2,-233.0
BTCUSDm,16-18,BREAK24,P1_24h2-25h1,440,21.0,34.3,1.07,-19.0
BTCUSDm,16-18,BREAK48,P1_24h2-25h1,271,-3.0,32.5,0.98,-21.0
BTCUSDm,16-18,RETEST24,P1_24h2-25h1,511,11.0,33.7,1.03,-38.0
BTCUSDm,16-18,RETEST48,P1_24h2-25h1,345,47.0,37.7,1.22,-28.0
BTCUSDm,16-18,MOMEMA,P1_24h2-25h1,1024,28.0,33.7,1.04,-32.0
BTCUSDm,16-18,EMACROSS,P1_24h2-25h1,133,11.0,35.3,1.13,-12.0
BTCUSDm,16-18,RSI2,P1_24h2-25h1,453,7.0,33.6,1.02,-35.0
BTCUSDm,16-18,RSI14DIP,P1_24h2-25h1,0,0,0,0,0
BTCUSDm,16-18,VWAP,P1_24h2-25h1,175,17.0,36.0,1.16,-13.0
BTCUSDm,16-18,BBREV,P1_24h2-25h1,627,1.0,33.0,1.0,-29.0
BTCUSDm,18-20,FVG,P1_24h2-25h1,306,-231.0,7.8,0.17,-230.0
BTCUSDm,18-20,BREAK24,P1_24h2-25h1,498,-12.0,32.3,0.96,-42.0
BTCUSDm,18-20,BREAK48,P1_24h2-25h1,313,7.0,33.9,1.03,-19.0
BTCUSDm,18-20,RETEST24,P1_24h2-25h1,532,-16.0,32.1,0.96,-46.0
BTCUSDm,18-20,RETEST48,P1_24h2-25h1,330,8.0,33.9,1.04,-28.0
BTCUSDm,18-20,MOMEMA,P1_24h2-25h1,1049,84.0,35.6,1.13,-37.0
BTCUSDm,18-20,EMACROSS,P1_24h2-25h1,128,5.0,34.4,1.06,-15.0
BTCUSDm,18-20,RSI2,P1_24h2-25h1,502,-6.0,32.5,0.98,-47.0
BTCUSDm,18-20,RSI14DIP,P1_24h2-25h1,0,0,0,0,0
BTCUSDm,18-20,VWAP,P1_24h2-25h1,120,19.0,38.3,1.26,-11.0
BTCUSDm,18-20,BBREV,P1_24h2-25h1,636,11.0,33.5,1.03,-20.0
BTCUSDm,20-22,FVG,P1_24h2-25h1,375,-253.0,10.4,0.24,-255.0
BTCUSDm,20-22,BREAK24,P1_24h2-25h1,466,-21.0,31.3,0.93,-36.0
BTCUSDm,20-22,BREAK48,P1_24h2-25h1,307,-22.0,30.6,0.9,-35.0
BTCUSDm,20-22,RETEST24,P1_24h2-25h1,499,-28.0,30.9,0.92,-35.0
BTCUSDm,20-22,RETEST48,P1_24h2-25h1,318,23.0,35.2,1.11,-20.0
BTCUSDm,20-22,MOMEMA,P1_24h2-25h1,1016,99.0,36.0,1.16,-23.0
BTCUSDm,20-22,EMACROSS,P1_24h2-25h1,148,18.0,36.5,1.2,-13.0
BTCUSDm,20-22,RSI2,P1_24h2-25h1,478,-1.0,33.1,1.0,-31.0
BTCUSDm,20-22,RSI14DIP,P1_24h2-25h1,0,0,0,0,0
BTCUSDm,20-22,VWAP,P1_24h2-25h1,158,6.0,33.5,1.06,-17.0
BTCUSDm,20-22,BBREV,P1_24h2-25h1,612,-20.0,31.7,0.95,-37.0
BTCUSDm,22-24,FVG,P1_24h2-25h1,350,-228.0,11.4,0.26,-231.0
BTCUSDm,22-24,BREAK24,P1_24h2-25h1,490,6.0,33.5,1.02,-34.0
BTCUSDm,22-24,BREAK48,P1_24h2-25h1,316,8.0,34.2,1.04,-39.0
BTCUSDm,22-24,RETEST24,P1_24h2-25h1,488,0.0,33.0,1.0,-52.0
BTCUSDm,22-24,RETEST48,P1_24h2-25h1,307,17.0,34.9,1.09,-33.0
BTCUSDm,22-24,MOMEMA,P1_24h2-25h1,1035,98.0,36.0,1.15,-32.0
BTCUSDm,22-24,EMACROSS,P1_24h2-25h1,154,3.0,33.8,1.03,-19.0
BTCUSDm,22-24,RSI2,P1_24h2-25h1,495,2.0,33.1,1.01,-40.0
BTCUSDm,22-24,RSI14DIP,P1_24h2-25h1,0,0,0,0,0
BTCUSDm,22-24,VWAP,P1_24h2-25h1,126,21.0,38.9,1.27,-8.0
BTCUSDm,22-24,BBREV,P1_24h2-25h1,634,44.0,35.2,1.11,-36.0
BTCUSDm,00-02,FVG,P2_25h2-26e,229,-157.0,10.5,0.23,-156.0
BTCUSDm,00-02,BREAK24,P2_25h2-26e,351,-13.0,31.6,0.94,-46.0
BTCUSDm,00-02,BREAK48,P2_25h2-26e,217,15.0,35.0,1.11,-20.0
BTCUSDm,00-02,RETEST24,P2_25h2-26e,357,28.0,35.6,1.12,-23.0
BTCUSDm,00-02,RETEST48,P2_25h2-26e,213,11.0,34.7,1.08,-23.0
BTCUSDm,00-02,MOMEMA,P2_25h2-26e,713,59.0,35.6,1.13,-17.0
BTCUSDm,00-02,EMACROSS,P2_25h2-26e,99,0.0,32.3,1.0,-18.0
BTCUSDm,00-02,RSI2,P2_25h2-26e,363,29.0,35.8,1.13,-17.0
BTCUSDm,00-02,RSI14DIP,P2_25h2-26e,0,0,0,0,0
BTCUSDm,00-02,VWAP,P2_25h2-26e,543,58.0,36.5,1.17,-16.0
BTCUSDm,00-02,BBREV,P2_25h2-26e,434,0.0,32.9,1.0,-31.0
BTCUSDm,02-04,FVG,P2_25h2-26e,194,-137.0,9.3,0.21,-138.0
BTCUSDm,02-04,BREAK24,P2_25h2-26e,300,4.0,33.7,1.02,-24.0
BTCUSDm,02-04,BREAK48,P2_25h2-26e,215,-1.0,33.0,0.99,-23.0
BTCUSDm,02-04,RETEST24,P2_25h2-26e,322,-59.0,26.7,0.74,-67.0
BTCUSDm,02-04,RETEST48,P2_25h2-26e,246,-46.0,26.8,0.74,-49.0
BTCUSDm,02-04,MOMEMA,P2_25h2-26e,630,40.0,35.1,1.1,-25.0
BTCUSDm,02-04,EMACROSS,P2_25h2-26e,87,1.0,33.3,1.02,-20.0
BTCUSDm,02-04,RSI2,P2_25h2-26e,306,-8.0,32.0,0.96,-18.0
BTCUSDm,02-04,RSI14DIP,P2_25h2-26e,0,0,0,0,0
BTCUSDm,02-04,VWAP,P2_25h2-26e,210,48.0,40.5,1.39,-15.0
BTCUSDm,02-04,BBREV,P2_25h2-26e,366,-32.0,29.8,0.87,-50.0
BTCUSDm,04-06,FVG,P2_25h2-26e,217,-147.0,10.6,0.24,-147.0
BTCUSDm,04-06,BREAK24,P2_25h2-26e,276,46.0,38.8,1.27,-18.0
BTCUSDm,04-06,BREAK48,P2_25h2-26e,167,34.0,40.1,1.34,-9.0
BTCUSDm,04-06,RETEST24,P2_25h2-26e,314,33.0,36.6,1.17,-19.0
BTCUSDm,04-06,RETEST48,P2_25h2-26e,209,-7.0,32.1,0.95,-35.0
BTCUSDm,04-06,MOMEMA,P2_25h2-26e,627,56.0,36.0,1.14,-32.0
BTCUSDm,04-06,EMACROSS,P2_25h2-26e,75,24.0,44.0,1.57,-4.0
BTCUSDm,04-06,RSI2,P2_25h2-26e,295,21.0,35.3,1.11,-19.0
BTCUSDm,04-06,RSI14DIP,P2_25h2-26e,0,0,0,0,0
BTCUSDm,04-06,VWAP,P2_25h2-26e,171,30.0,39.2,1.29,-12.0
BTCUSDm,04-06,BBREV,P2_25h2-26e,368,-25.0,30.7,0.9,-42.0
BTCUSDm,06-08,FVG,P2_25h2-26e,208,-156.0,8.2,0.18,-155.0
BTCUSDm,06-08,BREAK24,P2_25h2-26e,304,-18.0,31.2,0.91,-44.0
BTCUSDm,06-08,BREAK48,P2_25h2-26e,192,-6.0,32.3,0.95,-21.0
BTCUSDm,06-08,RETEST24,P2_25h2-26e,332,41.0,37.3,1.2,-23.0
BTCUSDm,06-08,RETEST48,P2_25h2-26e,209,49.0,41.1,1.4,-17.0
BTCUSDm,06-08,MOMEMA,P2_25h2-26e,650,46.0,35.5,1.11,-32.0
BTCUSDm,06-08,EMACROSS,P2_25h2-26e,77,-2.0,32.5,0.96,-16.0
BTCUSDm,06-08,RSI2,P2_25h2-26e,304,22.0,35.2,1.11,-17.0
BTCUSDm,06-08,RSI14DIP,P2_25h2-26e,0,0,0,0,0
BTCUSDm,06-08,VWAP,P2_25h2-26e,153,-8.0,31.4,0.92,-22.0
BTCUSDm,06-08,BBREV,P2_25h2-26e,398,4.0,33.4,1.02,-25.0
BTCUSDm,08-10,FVG,P2_25h2-26e,216,-149.0,10.2,0.23,-150.0
BTCUSDm,08-10,BREAK24,P2_25h2-26e,325,-12.0,32.0,0.95,-26.0
BTCUSDm,08-10,BREAK48,P2_25h2-26e,213,-12.0,31.5,0.92,-27.0
BTCUSDm,08-10,RETEST24,P2_25h2-26e,331,7.0,33.8,1.03,-28.0
BTCUSDm,08-10,RETEST48,P2_25h2-26e,231,31.0,37.7,1.22,-14.0
BTCUSDm,08-10,MOMEMA,P2_25h2-26e,674,23.0,34.4,1.05,-51.0
BTCUSDm,08-10,EMACROSS,P2_25h2-26e,91,11.0,37.4,1.19,-14.0
BTCUSDm,08-10,RSI2,P2_25h2-26e,328,-4.0,32.6,0.98,-21.0
BTCUSDm,08-10,RSI14DIP,P2_25h2-26e,0,0,0,0,0
BTCUSDm,08-10,VWAP,P2_25h2-26e,161,-5.0,31.7,0.95,-14.0
BTCUSDm,08-10,BBREV,P2_25h2-26e,397,-7.0,32.5,0.97,-28.0
BTCUSDm,10-12,FVG,P2_25h2-26e,193,-148.0,7.3,0.16,-147.0
BTCUSDm,10-12,BREAK24,P2_25h2-26e,269,15.0,34.9,1.09,-16.0
BTCUSDm,10-12,BREAK48,P2_25h2-26e,156,18.0,37.2,1.18,-9.0
BTCUSDm,10-12,RETEST24,P2_25h2-26e,314,9.0,33.8,1.04,-14.0
BTCUSDm,10-12,RETEST48,P2_25h2-26e,201,-19.0,29.4,0.86,-29.0
BTCUSDm,10-12,MOMEMA,P2_25h2-26e,625,-8.0,32.5,0.98,-34.0
BTCUSDm,10-12,EMACROSS,P2_25h2-26e,92,21.0,40.2,1.4,-9.0
BTCUSDm,10-12,RSI2,P2_25h2-26e,271,-1.0,32.8,0.99,-26.0
BTCUSDm,10-12,RSI14DIP,P2_25h2-26e,0,0,0,0,0
BTCUSDm,10-12,VWAP,P2_25h2-26e,114,-12.0,29.8,0.85,-23.0
BTCUSDm,10-12,BBREV,P2_25h2-26e,373,15.0,34.3,1.06,-25.0
BTCUSDm,12-14,FVG,P2_25h2-26e,231,-155.0,10.8,0.24,-155.0
BTCUSDm,12-14,BREAK24,P2_25h2-26e,364,-62.0,27.5,0.76,-65.0
BTCUSDm,12-14,BREAK48,P2_25h2-26e,254,-48.0,26.8,0.74,-50.0
BTCUSDm,12-14,RETEST24,P2_25h2-26e,385,39.0,36.4,1.16,-20.0
BTCUSDm,12-14,RETEST48,P2_25h2-26e,269,32.0,36.8,1.19,-25.0
BTCUSDm,12-14,MOMEMA,P2_25h2-26e,765,-125.0,27.6,0.77,-141.0
BTCUSDm,12-14,EMACROSS,P2_25h2-26e,116,1.0,32.8,1.01,-17.0
BTCUSDm,12-14,RSI2,P2_25h2-26e,378,72.0,39.2,1.32,-17.0
BTCUSDm,12-14,RSI14DIP,P2_25h2-26e,0,0,0,0,0
BTCUSDm,12-14,VWAP,P2_25h2-26e,183,3.0,33.9,1.02,-17.0
BTCUSDm,12-14,BBREV,P2_25h2-26e,527,100.0,39.3,1.32,-15.0
BTCUSDm,14-16,FVG,P2_25h2-26e,203,-144.0,9.4,0.21,-143.0
BTCUSDm,14-16,BREAK24,P2_25h2-26e,348,21.0,35.1,1.09,-16.0
BTCUSDm,14-16,BREAK48,P2_25h2-26e,299,10.0,34.1,1.05,-17.0
BTCUSDm,14-16,RETEST24,P2_25h2-26e,394,20.0,34.8,1.08,-13.0
BTCUSDm,14-16,RETEST48,P2_25h2-26e,342,24.0,35.4,1.11,-14.0
BTCUSDm,14-16,MOMEMA,P2_25h2-26e,724,10.0,33.3,1.02,-29.0
BTCUSDm,14-16,EMACROSS,P2_25h2-26e,123,-17.0,28.5,0.8,-25.0
BTCUSDm,14-16,RSI2,P2_25h2-26e,360,-9.0,31.7,0.96,-26.0
BTCUSDm,14-16,RSI14DIP,P2_25h2-26e,0,0,0,0,0
BTCUSDm,14-16,VWAP,P2_25h2-26e,161,4.0,34.2,1.04,-22.0
BTCUSDm,14-16,BBREV,P2_25h2-26e,484,35.0,35.3,1.11,-22.0
BTCUSDm,16-18,FVG,P2_25h2-26e,189,-144.0,7.4,0.16,-146.0
BTCUSDm,16-18,BREAK24,P2_25h2-26e,266,19.0,35.0,1.11,-17.0
BTCUSDm,16-18,BREAK48,P2_25h2-26e,180,-1.0,32.8,0.99,-19.0
BTCUSDm,16-18,RETEST24,P2_25h2-26e,273,41.0,37.7,1.25,-13.0
BTCUSDm,16-18,RETEST48,P2_25h2-26e,194,40.0,39.7,1.35,-14.0
BTCUSDm,16-18,MOMEMA,P2_25h2-26e,629,-27.0,31.5,0.94,-41.0
BTCUSDm,16-18,EMACROSS,P2_25h2-26e,65,-2.0,32.3,0.95,-8.0
BTCUSDm,16-18,RSI2,P2_25h2-26e,278,27.0,36.0,1.16,-20.0
BTCUSDm,16-18,RSI14DIP,P2_25h2-26e,0,0,0,0,0
BTCUSDm,16-18,VWAP,P2_25h2-26e,118,-8.0,30.5,0.9,-22.0
BTCUSDm,16-18,BBREV,P2_25h2-26e,347,35.0,36.3,1.16,-17.0
BTCUSDm,18-20,FVG,P2_25h2-26e,227,-144.0,11.5,0.27,-143.0
BTCUSDm,18-20,BREAK24,P2_25h2-26e,255,-27.0,29.4,0.85,-36.0
BTCUSDm,18-20,BREAK48,P2_25h2-26e,154,-24.0,27.9,0.78,-30.0
BTCUSDm,18-20,RETEST24,P2_25h2-26e,295,-6.0,32.5,0.97,-27.0
BTCUSDm,18-20,RETEST48,P2_25h2-26e,187,-10.0,31.6,0.92,-22.0
BTCUSDm,18-20,MOMEMA,P2_25h2-26e,598,19.0,34.1,1.05,-54.0
BTCUSDm,18-20,EMACROSS,P2_25h2-26e,82,20.0,41.5,1.42,-7.0
BTCUSDm,18-20,RSI2,P2_25h2-26e,259,4.0,33.6,1.02,-28.0
BTCUSDm,18-20,RSI14DIP,P2_25h2-26e,0,0,0,0,0
BTCUSDm,18-20,VWAP,P2_25h2-26e,77,26.0,44.2,1.62,-8.0
BTCUSDm,18-20,BBREV,P2_25h2-26e,368,13.0,34.2,1.05,-26.0
BTCUSDm,20-22,FVG,P2_25h2-26e,230,-142.0,12.6,0.29,-141.0
BTCUSDm,20-22,BREAK24,P2_25h2-26e,251,4.0,33.5,1.02,-26.0
BTCUSDm,20-22,BREAK48,P2_25h2-26e,147,7.0,34.7,1.07,-17.0
BTCUSDm,20-22,RETEST24,P2_25h2-26e,290,49.0,38.3,1.28,-13.0
BTCUSDm,20-22,RETEST48,P2_25h2-26e,179,32.0,38.5,1.3,-14.0
BTCUSDm,20-22,MOMEMA,P2_25h2-26e,614,29.0,34.5,1.07,-34.0
BTCUSDm,20-22,EMACROSS,P2_25h2-26e,87,4.0,33.3,1.07,-10.0
BTCUSDm,20-22,RSI2,P2_25h2-26e,261,15.0,34.9,1.09,-24.0
BTCUSDm,20-22,RSI14DIP,P2_25h2-26e,0,0,0,0,0
BTCUSDm,20-22,VWAP,P2_25h2-26e,88,3.0,34.1,1.05,-10.0
BTCUSDm,20-22,BBREV,P2_25h2-26e,337,21.0,34.7,1.1,-21.0
BTCUSDm,22-24,FVG,P2_25h2-26e,225,-161.0,9.3,0.21,-160.0
BTCUSDm,22-24,BREAK24,P2_25h2-26e,243,15.0,35.4,1.1,-28.0
BTCUSDm,22-24,BREAK48,P2_25h2-26e,142,5.0,34.5,1.05,-20.0
BTCUSDm,22-24,RETEST24,P2_25h2-26e,274,5.0,33.6,1.03,-38.0
BTCUSDm,22-24,RETEST48,P2_25h2-26e,149,18.0,36.9,1.2,-18.0
BTCUSDm,22-24,MOMEMA,P2_25h2-26e,606,22.0,34.2,1.06,-44.0
BTCUSDm,22-24,EMACROSS,P2_25h2-26e,89,17.0,39.3,1.32,-7.0
BTCUSDm,22-24,RSI2,P2_25h2-26e,252,10.0,34.5,1.06,-21.0
BTCUSDm,22-24,RSI14DIP,P2_25h2-26e,0,0,0,0,0
BTCUSDm,22-24,VWAP,P2_25h2-26e,77,-8.0,29.9,0.85,-21.0
BTCUSDm,22-24,BBREV,P2_25h2-26e,350,8.0,33.7,1.04,-32.0
BTCUSDm,00-02,FVG,P3_26f-26a,190,-128.0,10.5,0.24,-127.0
BTCUSDm,00-02,BREAK24,P3_26f-26a,285,-35.0,29.1,0.83,-44.0
BTCUSDm,00-02,BREAK48,P3_26f-26a,172,-17.0,29.7,0.86,-29.0
BTCUSDm,00-02,RETEST24,P3_26f-26a,320,-23.0,30.3,0.89,-55.0
BTCUSDm,00-02,RETEST48,P3_26f-26a,186,26.0,37.6,1.23,-23.0
BTCUSDm,00-02,MOMEMA,P3_26f-26a,602,23.0,34.4,1.06,-40.0
BTCUSDm,00-02,EMACROSS,P3_26f-26a,94,0.0,30.9,1.0,-15.0
BTCUSDm,00-02,RSI2,P3_26f-26a,281,23.0,35.6,1.13,-13.0
BTCUSDm,00-02,RSI14DIP,P3_26f-26a,0,0,0,0,0
BTCUSDm,00-02,VWAP,P3_26f-26a,450,71.0,38.4,1.26,-20.0
BTCUSDm,00-02,BBREV,P3_26f-26a,407,23.0,34.9,1.09,-48.0
BTCUSDm,02-04,FVG,P3_26f-26a,167,-121.0,9.0,0.2,-126.0
BTCUSDm,02-04,BREAK24,P3_26f-26a,209,23.0,36.8,1.18,-20.0
BTCUSDm,02-04,BREAK48,P3_26f-26a,142,4.0,33.8,1.04,-19.0
BTCUSDm,02-04,RETEST24,P3_26f-26a,238,12.0,34.9,1.08,-14.0
BTCUSDm,02-04,RETEST48,P3_26f-26a,164,14.0,36.0,1.13,-11.0
BTCUSDm,02-04,MOMEMA,P3_26f-26a,511,19.0,34.2,1.06,-24.0
BTCUSDm,02-04,EMACROSS,P3_26f-26a,87,0.0,33.3,1.0,-9.0
BTCUSDm,02-04,RSI2,P3_26f-26a,214,9.0,34.1,1.07,-25.0
BTCUSDm,02-04,RSI14DIP,P3_26f-26a,0,0,0,0,0
BTCUSDm,02-04,VWAP,P3_26f-26a,214,-6.0,32.2,0.96,-20.0
BTCUSDm,02-04,BBREV,P3_26f-26a,285,18.0,35.1,1.1,-19.0
BTCUSDm,04-06,FVG,P3_26f-26a,160,-131.0,5.6,0.12,-130.0
BTCUSDm,04-06,BREAK24,P3_26f-26a,234,44.0,39.3,1.31,-12.0
BTCUSDm,04-06,BREAK48,P3_26f-26a,140,2.0,33.6,1.02,-18.0
BTCUSDm,04-06,RETEST24,P3_26f-26a,276,-9.0,31.9,0.95,-27.0
BTCUSDm,04-06,RETEST48,P3_26f-26a,154,10.0,35.1,1.1,-12.0
BTCUSDm,04-06,MOMEMA,P3_26f-26a,520,108.0,40.0,1.35,-17.0
BTCUSDm,04-06,EMACROSS,P3_26f-26a,71,12.0,38.0,1.29,-8.0
BTCUSDm,04-06,RSI2,P3_26f-26a,243,-17.0,30.5,0.9,-25.0
BTCUSDm,04-06,RSI14DIP,P3_26f-26a,0,0,0,0,0
BTCUSDm,04-06,VWAP,P3_26f-26a,172,27.0,38.4,1.26,-20.0
BTCUSDm,04-06,BBREV,P3_26f-26a,344,29.0,35.5,1.13,-16.0
BTCUSDm,06-08,FVG,P3_26f-26a,171,-115.0,10.5,0.24,-114.0
BTCUSDm,06-08,BREAK24,P3_26f-26a,256,33.0,37.1,1.21,-16.0
BTCUSDm,06-08,BREAK48,P3_26f-26a,180,24.0,37.2,1.22,-11.0
BTCUSDm,06-08,RETEST24,P3_26f-26a,266,-29.0,29.3,0.84,-46.0
BTCUSDm,06-08,RETEST48,P3_26f-26a,179,-34.0,26.8,0.74,-37.0
BTCUSDm,06-08,MOMEMA,P3_26f-26a,539,52.0,36.2,1.15,-19.0
BTCUSDm,06-08,EMACROSS,P3_26f-26a,87,18.0,40.2,1.35,-10.0
BTCUSDm,06-08,RSI2,P3_26f-26a,271,-25.0,29.9,0.87,-30.0
BTCUSDm,06-08,RSI14DIP,P3_26f-26a,0,0,0,0,0
BTCUSDm,06-08,VWAP,P3_26f-26a,134,23.0,38.8,1.28,-15.0
BTCUSDm,06-08,BBREV,P3_26f-26a,386,10.0,33.9,1.04,-33.0
BTCUSDm,08-10,FVG,P3_26f-26a,148,-114.0,7.4,0.16,-113.0
BTCUSDm,08-10,BREAK24,P3_26f-26a,251,41.0,38.6,1.27,-9.0
BTCUSDm,08-10,BREAK48,P3_26f-26a,160,29.0,39.4,1.3,-10.0
BTCUSDm,08-10,RETEST24,P3_26f-26a,278,31.0,37.1,1.18,-13.0
BTCUSDm,08-10,RETEST48,P3_26f-26a,163,33.0,39.9,1.34,-13.0
BTCUSDm,08-10,MOMEMA,P3_26f-26a,556,122.0,40.5,1.37,-15.0
BTCUSDm,08-10,EMACROSS,P3_26f-26a,80,-5.0,31.2,0.91,-12.0
BTCUSDm,08-10,RSI2,P3_26f-26a,257,-17.0,30.7,0.9,-27.0
BTCUSDm,08-10,RSI14DIP,P3_26f-26a,0,0,0,0,0
BTCUSDm,08-10,VWAP,P3_26f-26a,128,13.0,36.7,1.16,-11.0
BTCUSDm,08-10,BBREV,P3_26f-26a,352,-13.0,31.8,0.95,-47.0
BTCUSDm,10-12,FVG,P3_26f-26a,145,-90.0,12.4,0.29,-89.0
BTCUSDm,10-12,BREAK24,P3_26f-26a,230,11.0,34.8,1.07,-22.0
BTCUSDm,10-12,BREAK48,P3_26f-26a,155,7.0,34.8,1.07,-11.0
BTCUSDm,10-12,RETEST24,P3_26f-26a,274,-54.0,26.3,0.73,-56.0
BTCUSDm,10-12,RETEST48,P3_26f-26a,170,-37.0,25.9,0.7,-38.0
BTCUSDm,10-12,MOMEMA,P3_26f-26a,532,41.0,35.7,1.12,-35.0
BTCUSDm,10-12,EMACROSS,P3_26f-26a,72,9.0,37.5,1.2,-11.0
BTCUSDm,10-12,RSI2,P3_26f-26a,236,-10.0,31.8,0.94,-20.0
BTCUSDm,10-12,RSI14DIP,P3_26f-26a,0,0,0,0,0
BTCUSDm,10-12,VWAP,P3_26f-26a,107,17.0,38.3,1.26,-18.0
BTCUSDm,10-12,BBREV,P3_26f-26a,339,-1.0,33.0,1.0,-21.0
BTCUSDm,12-14,FVG,P3_26f-26a,182,-110.0,13.2,0.3,-109.0
BTCUSDm,12-14,BREAK24,P3_26f-26a,375,37.0,36.3,1.16,-18.0
BTCUSDm,12-14,BREAK48,P3_26f-26a,267,33.0,37.1,1.2,-20.0
BTCUSDm,12-14,RETEST24,P3_26f-26a,394,-40.0,29.4,0.85,-48.0
BTCUSDm,12-14,RETEST48,P3_26f-26a,290,-35.0,28.6,0.83,-38.0
BTCUSDm,12-14,MOMEMA,P3_26f-26a,674,96.0,37.8,1.23,-31.0
BTCUSDm,12-14,EMACROSS,P3_26f-26a,102,10.0,36.3,1.16,-7.0
BTCUSDm,12-14,RSI2,P3_26f-26a,385,16.0,34.3,1.06,-19.0
BTCUSDm,12-14,RSI14DIP,P3_26f-26a,0,0,0,0,0
BTCUSDm,12-14,VWAP,P3_26f-26a,142,-1.0,33.1,0.99,-20.0
BTCUSDm,12-14,BBREV,P3_26f-26a,517,-60.0,29.4,0.84,-69.0
BTCUSDm,14-16,FVG,P3_26f-26a,152,-110.0,8.6,0.19,-111.0
BTCUSDm,14-16,BREAK24,P3_26f-26a,273,-10.0,31.9,0.95,-25.0
BTCUSDm,14-16,BREAK48,P3_26f-26a,222,-5.0,32.4,0.97,-29.0
BTCUSDm,14-16,RETEST24,P3_26f-26a,308,-34.0,28.9,0.84,-51.0
BTCUSDm,14-16,RETEST48,P3_26f-26a,260,-15.0,30.8,0.91,-36.0
BTCUSDm,14-16,MOMEMA,P3_26f-26a,574,5.0,32.9,1.01,-25.0
BTCUSDm,14-16,EMACROSS,P3_26f-26a,84,29.0,44.0,1.64,-7.0
BTCUSDm,14-16,RSI2,P3_26f-26a,281,3.0,33.5,1.02,-13.0
BTCUSDm,14-16,RSI14DIP,P3_26f-26a,0,0,0,0,0
BTCUSDm,14-16,VWAP,P3_26f-26a,126,6.0,34.9,1.07,-9.0
BTCUSDm,14-16,BBREV,P3_26f-26a,405,23.0,34.8,1.09,-27.0
BTCUSDm,16-18,FVG,P3_26f-26a,155,-127.0,5.8,0.12,-126.0
BTCUSDm,16-18,BREAK24,P3_26f-26a,212,-32.0,27.8,0.79,-43.0
BTCUSDm,16-18,BREAK48,P3_26f-26a,139,-29.0,25.9,0.71,-41.0
BTCUSDm,16-18,RETEST24,P3_26f-26a,242,15.0,34.3,1.1,-16.0
BTCUSDm,16-18,RETEST48,P3_26f-26a,134,22.0,37.3,1.28,-15.0
BTCUSDm,16-18,MOMEMA,P3_26f-26a,521,-12.0,32.1,0.97,-48.0
BTCUSDm,16-18,EMACROSS,P3_26f-26a,55,2.0,34.5,1.06,-14.0
BTCUSDm,16-18,RSI2,P3_26f-26a,219,37.0,37.9,1.29,-14.0
BTCUSDm,16-18,RSI14DIP,P3_26f-26a,0,0,0,0,0
BTCUSDm,16-18,VWAP,P3_26f-26a,80,1.0,33.8,1.02,-8.0
BTCUSDm,16-18,BBREV,P3_26f-26a,328,-12.0,31.1,0.94,-20.0
BTCUSDm,18-20,FVG,P3_26f-26a,157,-120.0,7.6,0.17,-119.0
BTCUSDm,18-20,BREAK24,P3_26f-26a,174,-5.0,32.2,0.96,-19.0
BTCUSDm,18-20,BREAK48,P3_26f-26a,92,-10.0,29.3,0.84,-18.0
BTCUSDm,18-20,RETEST24,P3_26f-26a,232,-17.0,30.6,0.89,-22.0
BTCUSDm,18-20,RETEST48,P3_26f-26a,129,5.0,34.1,1.06,-12.0
BTCUSDm,18-20,MOMEMA,P3_26f-26a,505,-40.0,30.3,0.88,-70.0
BTCUSDm,18-20,EMACROSS,P3_26f-26a,59,3.0,33.9,1.08,-9.0
BTCUSDm,18-20,RSI2,P3_26f-26a,181,14.0,35.9,1.12,-15.0
BTCUSDm,18-20,RSI14DIP,P3_26f-26a,0,0,0,0,0
BTCUSDm,18-20,VWAP,P3_26f-26a,58,12.0,39.7,1.35,-5.0
BTCUSDm,18-20,BBREV,P3_26f-26a,296,-3.0,32.8,0.98,-23.0
BTCUSDm,20-22,FVG,P3_26f-26a,151,-97.0,11.9,0.27,-100.0
BTCUSDm,20-22,BREAK24,P3_26f-26a,202,14.0,35.6,1.11,-17.0
BTCUSDm,20-22,BREAK48,P3_26f-26a,110,-2.0,32.7,0.97,-12.0
BTCUSDm,20-22,RETEST24,P3_26f-26a,249,60.0,41.0,1.42,-15.0
BTCUSDm,20-22,RETEST48,P3_26f-26a,130,44.0,44.6,1.61,-10.0
BTCUSDm,20-22,MOMEMA,P3_26f-26a,504,17.0,34.3,1.05,-24.0
BTCUSDm,20-22,EMACROSS,P3_26f-26a,73,2.0,34.2,1.04,-16.0
BTCUSDm,20-22,RSI2,P3_26f-26a,222,55.0,41.4,1.43,-12.0
BTCUSDm,20-22,RSI14DIP,P3_26f-26a,0,0,0,0,0
BTCUSDm,20-22,VWAP,P3_26f-26a,59,7.0,37.3,1.19,-9.0
BTCUSDm,20-22,BBREV,P3_26f-26a,329,26.0,35.6,1.12,-27.0
BTCUSDm,22-24,FVG,P3_26f-26a,182,-103.0,14.3,0.34,-102.0
BTCUSDm,22-24,BREAK24,P3_26f-26a,214,20.0,36.4,1.15,-12.0
BTCUSDm,22-24,BREAK48,P3_26f-26a,153,-3.0,32.7,0.97,-19.0
BTCUSDm,22-24,RETEST24,P3_26f-26a,260,18.0,35.4,1.11,-18.0
BTCUSDm,22-24,RETEST48,P3_26f-26a,180,-1.0,32.8,0.99,-20.0
BTCUSDm,22-24,MOMEMA,P3_26f-26a,554,50.0,36.1,1.14,-23.0
BTCUSDm,22-24,EMACROSS,P3_26f-26a,85,11.0,37.6,1.21,-7.0
BTCUSDm,22-24,RSI2,P3_26f-26a,221,10.0,34.8,1.07,-10.0
BTCUSDm,22-24,RSI14DIP,P3_26f-26a,0,0,0,0,0
BTCUSDm,22-24,VWAP,P3_26f-26a,62,11.0,38.7,1.3,-8.0
BTCUSDm,22-24,BBREV,P3_26f-26a,366,46.0,37.4,1.2,-25.0
