entry_time,exit_time,type,entry,sl,tp,vol,pnl,result
1770040800,1770048000,buy,4717.367,4620.101240816327,4960.076397959184,0.06,-5.835945551020395,-1
1770057000,1770074280,sell,4640.5289999999995,4730.545983226908,4415.94154193273,0.06,-5.401018993614507,-1
1770077700,1770105660,buy,4792.7255,4914.345415287023,4992.623396892237,0.07,8.513394070091618,-1
1770137100,1770140580,buy,4979.912499999999,4927.369405944687,5110.8152351382805,0.11,-5.779740346084363,-1
1770144300,1770159720,sell,4909.8905,4962.471190282387,4778.893774294034,0.11,-5.783875931062567,-1
1770160020,1770165120,buy,4929.069,4975.0260175151325,5053.988176876513,0.11,5.055271926664528,-1
1770170400,1770215880,buy,5049.566,5000.575614344359,5171.586964139103,0.12,-5.878846278676938,-1
1770217620,1770219540,sell,5002.563999999999,4909.91249488584,4896.179051141602,0.14,12.971210715982345,-1
1770232500,1770246180,sell,4947.847,4991.569846650819,4838.994883372951,0.13,-5.683970064606537,-1
1770247860,1770254100,buy,5013.5885,4971.592517750783,5118.123455623041,0.14,-5.879437514890306,-1
1770256800,1770259860,sell,4956.027,4840.022490288039,4836.877097119599,0.12,14.297988345648118,1
1770261300,1770270300,sell,4841.441,4891.570221069864,4716.572947325341,0.12,-6.015506528383666,-1
1770270600,1770294420,sell,4894.3065,4831.437461814349,4771.458495397871,0.12,7.544284582278051,-1
1770296400,1770310200,sell,4842.212500000001,4888.177720700943,4727.754448247645,0.13,-5.97547869112248,-1
1770310920,1770320460,buy,4879.138,4831.955554018127,4996.639114954681,0.12,-5.661893517824719,-1
1770320880,1770327060,buy,4841.7705,4797.385817495222,4952.277206261943,0.13,-5.770008725621092,-1
1770332520,1770337200,sell,4768.4845,4673.496571161879,4653.736964410535,0.13,12.348430748955698,-1
1770337440,1770338280,sell,4694.768999999999,4743.821284647515,4572.59328838121,0.12,-5.886274157701918,-1
1770339600,1770344880,sell,4752.518,4803.284807172693,4626.055982068267,0.11,-5.58434878899623,-1
1770345900,1770358020,buy,4827.9605,4880.428510771601,4957.692659508038,0.11,5.771481184876138,-1
1770358080,1770386880,buy,4874.808,4918.659725753372,5001.7469692239965,0.11,4.823689832870941,-1
1770591720,1770593700,buy,4970.3145,5029.917705515356,5058.0124448464485,0.17,10.132544937610438,-1
1770606000,1770654780,buy,5008.5215,5070.35462812424,5095.7828462817415,0.17,10.511631781120787,-1
1770654840,1770678600,buy,5068.372,5039.966512496959,5138.930718757603,0.21,-5.965152375638717,-1
1770679800,1770690180,sell,5019.1605,5048.029208447781,4947.443728880548,0.2,-5.773741689556118,-1
1770690600,1770693480,buy,5048.697,5020.840744876175,5117.882637809561,0.21,-5.8498135760031795,-1
1770693780,1770713160,sell,5023.607999999999,5050.753065472122,4956.200336319693,0.22,-5.971914403867049,-1
1770713760,1770734220,buy,5042.915,5066.1857361834345,5103.756549824574,0.24,5.584976684024295,-1
1770736500,1770738060,sell,5039.2405,5014.585689615382,4974.546672527481,0.23,5.670606388462147,-1
1770745500,1770747540,buy,5038.1835,5013.466975830906,5099.519810422733,0.24,-5.931965800582475,-1
1770748320,1770756480,sell,5012.8835,5037.182701014158,4952.5904974646055,0.24,-5.8318082433979,-1
1770756960,1770785280,buy,5031.7805,5051.324659458328,5090.188690961641,0.25,4.886039864582017,-1
1770785340,1770807480,buy,5050.952,5093.188447392623,5101.914107559538,0.29,12.248569743860589,-1
1770807600,1770813660,buy,5094.431,5073.975490315459,5145.114774211352,0.29,-5.932097808516782,-1
1770815880,1770816660,buy,5067.719,5042.337759506697,5130.717101233258,0.23,-5.837685313459752,-1
1770818700,1770821460,sell,5074.915,5049.276857900809,5009.6923345691175,0.22,5.640391261822042,-1
1770822360,1770901620,sell,5074.255,5058.1084574095785,5007.588810671324,0.22,3.552239369892759,-1
1770901680,1770912660,buy,5059.178500000001,5040.159912544938,5106.269968637655,0.31,-5.89576211106938,-1
1770914400,1770920460,sell,4959.016,4923.250517613027,4884.851030394705,0.2,7.153096477394502,-1
1770922800,1770937380,sell,4936.2085,4900.736861629806,4861.088611434828,0.19,6.739611290336752,-1
1770938100,1770941400,sell,4913.454,4942.672584719779,4840.862538200553,0.2,-5.843716943955769,-1
1770942600,1770948480,buy,4940.792,4976.917901706953,5013.1560716709155,0.2,7.2251803413904785,-1
1770948540,1770982560,sell,4977.158,4944.08087532753,4903.773774936813,0.2,6.61542493449415,-1
1770982620,1770986100,sell,4947.0435,4972.276443231462,4884.416141921345,0.23,-5.803576943236221,-1
1770986400,1770993480,buy,4970.6965,4997.550300293521,5032.01847535875,0.24,6.444912070445061,-1
1770993660,1770995880,buy,4971.575,4998.38891098684,5037.1024277328,0.22,5.8990604171047565,-1
1770999300,1771000080,sell,4998.264,5026.895965891517,4927.139085271208,0.21,-6.012712837218614,-1
1771005600,1771210260,buy,5022.785,4995.684904920069,5090.080237699825,0.22,-5.962020917584759,-1
1771214460,1771233420,sell,4991.075,5014.57410225973,4932.782244350673,0.25,-5.874775564932634,-1
1771233720,1771253520,sell,5014.4745,4987.724836543292,4963.082107463956,0.29,7.757402402445268,-1
1771253580,1771288980,buy,4988.283,4970.271386807665,5032.857032980837,0.33,-5.943832353470571,-1
1771290900,1771294800,sell,4949.6055,4968.193815315317,4903.5897117117065,0.32,-5.948260900901515,-1
1771295100,1771305300,sell,4967.5395,4926.75596722538,4922.3942680180135,0.33,14.897926554055513,1
1771307580,1771313940,sell,4894.6495,4916.44536890152,4840.614827746202,0.27,-5.884884603410264,-1
1771315200,1771330500,sell,4917.4484999999995,4938.06768672618,4866.355533184549,0.29,-5.979564150592341,-1
1771331580,1771333920,buy,4940.453,4920.773285118534,4989.197287203668,0.3,-5.903914464440004,-1
1771334220,1771336620,buy,4917.11,4895.193036181495,4971.447409546262,0.27,-5.917580230996319,-1
1771337700,1771339920,sell,4896.3895,4871.957708102535,4836.5124768499,0.24,5.86363005539155,-1
1771341540,1771354500,sell,4872.241999999999,4896.58798002718,4811.832049932049,0.24,-5.843035206523273,-1
1771354800,1771369440,sell,4897.927,4871.544383735732,4837.641360269399,0.24,6.331827903424346,-1
1771369500,1771387680,buy,4869.4755000000005,4921.244980632053,4925.061239244946,0.26,14.452292203685756,1
1771391340,1771411080,buy,4931.9695,4912.266228061907,4980.772679845233,0.3,-5.91098158142795,-1
1771412400,1771419900,buy,4914.731500000001,4947.7048164831085,4955.119912385251,0.37,12.200127098749864,-1
1771421400,1771426980,buy,4956.9285,4997.614279518599,5000.120335168915,0.34,14.685223957430972,1
1771430400,1771442880,buy,4998.463500000001,4980.330052497653,5043.34211875587,0.33,-5.984037675774753,-1
1771443180,1771485420,buy,4978.143,5017.155086548336,5021.296212611751,0.34,13.264109426434207,-1
1771488900,1771496160,sell,5011.0255,4989.288667670033,4975.200589377405,0.4,8.6947329319868,-1
1771498800,1771510200,buy,4992.7425,4977.919524105271,5029.344939736822,0.4,-5.929190357891639,-1
1771510620,1771512540,sell,4981.0585,4997.643804971108,4940.050237572231,0.36,-5.970709789598768,-1
1771513200,1771525980,sell,5005.5070000000005,4981.6973285459135,4963.667184888501,0.35,8.333385008930463,-1
1771527600,1771536060,buy,4982.048,4997.1251646081,5021.771667570792,0.37,5.578550904997091,-1
1771542060,1771570500,buy,4998.7570000000005,5025.641415846715,5037.224665325449,0.38,10.216078021751528,-1
1771570740,1771575120,buy,5021.5365,5006.618163386861,5058.377341532848,0.4,-5.967334645255687,-1
1771581600,1771590600,buy,5028.0225,5012.727922542485,5065.803943643786,0.39,-5.9648852084306965,-1
1771590900,1771596120,buy,5021.975,5043.236666111557,5059.884642733672,0.39,8.292049783506927,-1
1771599600,1771599780,buy,5053.6410000000005,5034.310263398561,5101.5128415036,0.31,-5.992528346446288,-1
1771603200,1771605180,sell,5041.4965,5061.20261255848,4992.686218603801,0.3,-5.911833767543885,-1
1771622100,1771801800,buy,5092.801,5133.038892926739,5137.7715377120385,0.33,14.840277444972571,1
1771808400,1771815000,buy,5143.211,5168.63975747455,5196.2184385398505,0.28,7.120052092873848,-1
1771829700,1771832280,buy,5147.1995,5128.342792720461,5193.886268198847,0.32,-6.034146329452342,-1
1771837200,1771852020,buy,5141.0355,5157.840467461981,5186.144228765622,0.33,5.545639262453597,-1
1771853460,1771857060,sell,5151.4345,5168.993901877082,5107.9909953072965,0.34,-5.970196638207763,-1
1771862400,1771881240,buy,5193.8615,5232.054651909323,5245.3587688811485,0.29,11.076014053703728,-1
1771882260,1771895040,buy,5227.7300000000005,5209.293592806057,5273.366017984858,0.32,-5.899650302061928,-1
1771897500,1771935720,sell,5175.375499999999,5157.426710480203,5121.931153967663,0.27,4.846173170344992,-1
1771936200,1771941180,sell,5162.893499999999,5130.589275229441,5117.865612913705,0.33,10.66039417428414,-1
1771943580,1771946460,sell,5119.965499999999,5140.949550852211,5067.96037286947,0.28,-5.875534238619367,-1
1771948800,1771965300,sell,5149.784500000001,5171.098705071551,5096.953987321126,0.28,-5.967977420034149,-1
1771965900,1771968720,buy,5171.524,5151.526731730307,5221.062170674233,0.3,-5.999180480908035,-1
1771969020,1771982640,buy,5147.3045,5179.728064815113,5196.931372768931,0.3,9.727069444533754,-1
1771992000,1771999200,buy,5182.658,5201.162335302878,5231.063968298834,0.3,5.55130059086332,-1
1772001000,1772018520,sell,5189.8125,5161.812110161372,5141.606884477026,0.31,8.680120849974555,-1
1772018580,1772022900,buy,5163.4710000000005,5179.148061993011,5209.321886175351,0.32,5.016659837763291,-1
1772022960,1772040060,buy,5178.9065,5212.4843426896,5222.87275144854,0.34,11.416466514464137,-1
1772050500,1772052300,buy,5193.8859999999995,5174.846343424274,5241.0301414393125,0.31,-5.902293538474915,-1
1772054100,1772060940,sell,5161.4455,5180.476238248888,5114.32365437778,0.31,-5.899528857155328,-1
1772064000,1772065500,sell,5160.750499999999,5180.341565122765,5112.227837193085,0.3,-5.8773195368297815,-1
1772067600,1772095740,sell,5191.472000000001,5176.56799815207,5143.637384536438,0.31,4.620240572858575,-1
1772095800,1772106840,buy,5180.5045,5164.092730683348,5221.078923291629,0.36,-5.9082369539946376,-1
1772107140,1772111040,buy,5165.095,5179.573880943583,5205.149135558203,0.37,5.35718594912576,-1
1772111100,1772116200,buy,5178.371,5161.577141001354,5219.900647496614,0.36,-6.0457892395125965,-1
1772116560,1772119740,sell,5169.8485,5140.396090048085,5126.0886844674305,0.34,10.013819383651063,-1
1772121600,1772197620,sell,5183.2885,5202.667322091846,5135.296444770386,0.31,-6.00743484847223,-1
1772199420,1772208000,buy,5218.001499999999,5239.816587018259,5256.924158401033,0.38,8.289733066938751,-1
1772219460,1772406060,buy,5242.165,5312.539694149848,5283.640645210812,0.36,14.931232275892398,1
1772409660,1772410860,buy,5377.4175000000005,5354.175535413724,5435.067411465692,0.25,-5.81049114656912,-1
1772414160,1772422680,sell,5338.5985,5362.721209972971,5278.746725067573,0.25,-6.03067749324282,-1
1772426220,1772435760,buy,5349.7735,5404.275816359789,5408.047870089848,0.25,14.56859252246204,1
1772438400,1772445840,buy,5408.543500000001,5385.333189336358,5466.114276659106,0.25,-5.802577665910576,-1
1772446140,1772460600,buy,5390.093,5367.925936213492,5445.0556594662685,0.27,-5.985107222357201,-1
1772460900,1772461440,buy,5375.355500000001,5349.820638952353,5438.73765261912,0.23,-5.87301804095895,-1
1772465940,1772467260,sell,5346.869,5286.614937649301,5282.210286853674,0.23,14.871504023654907,1
1772471220,1772482020,sell,5306.7715,5334.145468411692,5238.79157897077,0.22,-6.022273050572185,-1
1772482560,1772499840,sell,5336.0805,5361.454349052656,5273.100877368361,0.23,-5.835985282110815,-1
1772500140,1772517480,sell,5367.455499999999,5315.0179866297085,5306.167357299503,0.24,12.585003208869747,-1
1772517600,1772518440,buy,5319.9039999999995,5294.048278232511,5384.088304418722,0.23,-5.946816006522432,-1
1772524800,1772527200,buy,5326.746,5300.494584802522,5391.919537993695,0.22,-5.775311343445228,-1
1772531100,1772536140,sell,5261.947999999999,5185.4524305019,5190.3561432915685,0.2,14.31837134168618,1
1772538300,1772539620,sell,5131.331999999999,5169.749722007601,5035.742694980995,0.15,-5.762658301140254,-1
1772540640,1772545800,sell,5195.809,5148.606372407521,5094.431931053782,0.14,6.6083678629470715,-1
1772546400,1772548860,buy,5155.6655,5106.230033363448,5278.799166591382,0.12,-5.932255996386302,-1
1772550180,1772553900,sell,5059.0445,5110.739976162514,4930.260809593717,0.11,-5.686502377876523,-1
1772557200,1772586060,sell,5101.4605,5150.959327915637,4978.168430210909,0.12,-5.939859349876424,-1
1772587800,1772619840,buy,5147.923,5189.27848776555,5255.3191221221705,0.13,5.376213409521579,-1
1772628360,1772645160,sell,5167.3414999999995,5136.029812314887,5087.348453824753,0.18,5.636103783320286,-1
1772647200,1772669760,sell,5141.6065,5171.960082456613,5066.177543858466,0.19,-5.7671806667565395,-1
1772670600,1772690820,buy,5172.029,5145.997127473182,5236.653681317045,0.23,-5.9873306811681415,-1
1772692200,1772694000,sell,5142.866499999999,5167.276658025102,5082.296104937243,0.24,-5.858437926024635,-1
1772694900,1772716620,buy,5161.991,5138.514796119548,5220.22650970113,0.25,-5.869050970112994,-1
1772718300,1772722080,sell,5130.242499999999,5103.284933714047,5069.939780879857,0.24,6.469815908628588,-1
1772737200,1772754120,sell,5069.9075,5096.93690291458,5002.788992713551,0.22,-5.946468641207557,-1
1772761860,1772786040,sell,5133.2625,5104.165954334011,5065.9811688881355,0.22,6.401240046517524,-1
1772786700,1772791800,sell,5108.0435,5084.604122231876,5054.507130474256,0.27,6.328631997393332,-1
1772791860,1772804400,buy,5086.526,5122.279220465221,5138.612063519647,0.28,10.01090173026205,-1
1772811660,1773009660,buy,5153.8769999999995,5128.387042615874,5217.146893460314,0.23,-5.862690198348928,-1
1773014400,1773015720,sell,5073.9555,5044.166783041006,4999.647334168555,0.2,5.957743391798795,-1
1773019800,1773035520,buy,5074.957,5130.388330405475,5154.398582557771,0.18,9.977639472985484,-1
1773036000,1773039780,buy,5126.005,5095.224970077481,5202.500074806298,0.19,-5.848205685278636,-1
1773040320,1773048780,sell,5099.902999999999,5129.58454207091,5026.154144822723,0.2,-5.936308414182168,-1
1773049080,1773052200,buy,5125.967,5096.9603581123265,5198.028604719182,0.2,-5.801328377534628,-1
1773052680,1773065520,buy,5093.185,5064.684689675732,5163.98077581067,0.21,-5.985065168096271,-1
1773065820,1773067740,buy,5074.3820000000005,5102.321721820986,5145.684009082896,0.2,5.587944364197028,-1
1773072000,1773082680,sell,5098.465,5125.40113782655,5031.579655433626,0.22,-5.925950321841064,-1
1773082980,1773098340,sell,5127.946499999999,5153.666515745236,5064.101460636907,0.23,-5.915603621404535,-1
1773112500,1773132000,sell,5166.673,5190.807334201025,5106.792164497438,0.24,-5.792240208246003,-1
1773142200,1773149400,buy,5182.774,5221.478891570469,5231.485068176795,0.3,11.611467471140713,-1
1773150300,1773157920,buy,5206.42,5228.647970989455,5258.086084295297,0.28,6.223831877047306,-1
1773168420,1773219060,sell,5203.553999999999,5186.351184569139,5147.961994131437,0.26,4.472732012023608,-1
1773221580,1773234180,sell,5192.928499999999,5170.659061843289,5149.27136236759,0.34,7.571608973281346,-1
1773234240,1773239400,sell,5174.89,5193.273727820901,5129.38568044775,0.32,-5.882792902688088,-1
1773239700,1773247020,sell,5187.4105,5172.236583935752,5141.993346130053,0.32,4.855653140559443,-1
1773247140,1773269940,sell,5174.4085000000005,5137.707483933954,5130.318045897853,0.33,12.111335301795371,-1
1773274500,1773277260,sell,5141.0935,5160.039767037515,5094.182832406213,0.31,-5.873342781629681,-1
1773279780,1773293520,sell,5166.105500000001,5145.25742137189,5119.520308662913,0.32,6.671385160995414,-1
1773293580,1773301920,buy,5146.647,5178.226974326752,5190.253061062541,0.34,10.737191271095563,-1
1773303240,1773321780,buy,5181.9785,5164.799747499358,5224.4703812516045,0.35,-6.012563375224726,-1
1773322080,1773323340,buy,5171.104,5153.8054724954245,5213.895318761439,0.34,-5.8814993515557585,-1
1773324000,1773327780,buy,5153.148,5135.636653031465,5196.471367421335,0.34,-5.953857969301826,-1
1773335040,1773341580,sell,5125.393999999999,5096.42031488682,5080.265531988091,0.33,9.56131608734916,-1
1773343380,1773347580,sell,5088.9435,5064.099846712011,5044.618433193815,0.33,8.198405585036562,-1
1773348300,1773354180,sell,5073.151999999999,5091.838396242297,5026.891009394255,0.32,-5.979646797535243,-1
1773360000,1773363660,sell,5100.0715,5117.874436787291,5056.019158031771,0.33,-5.874969139806162,-1
1773364500,1773380640,buy,5119.1005,5101.667858697515,5162.227103256212,0.34,-5.927098042844773,-1
1773380940,1773384720,buy,5102.89,5087.0217525864155,5142.105618533962,0.38,-6.02993401716225,-1
1773385980,1773389580,sell,5092.8205,5075.083201775397,5052.933032998778,0.37,6.562800343102908,-1
1773393300,1773403740,buy,5091.6865,5111.285602712876,5131.5460506286045,0.37,7.251668003764353,-1
1773404100,1773411300,buy,5107.6665,5091.660274529002,5147.227063677495,0.37,-5.922303424269367,-1
1773411600,1773413460,buy,5090.6495,5071.365325996946,5138.404935007636,0.31,-5.978093940946874,-1
1773414900,1773417420,sell,5067.271,5041.758241377482,5017.299953207195,0.29,7.3987000005302335,-1
1773432060,1773617040,sell,5019.545499999999,4979.834836589629,4970.009051978266,0.3,11.913199023111064,-1
1773619200,1773621240,sell,5003.250999999999,5025.862878761479,4947.176303096301,0.26,-5.879088477984697,-1
1773622800,1773623640,buy,5019.324,4995.805284007197,5077.665789982006,0.25,-5.8796789982006885,-1
1773626400,1773647040,buy,5016.5985,4993.558749435255,5073.742876411862,0.26,-5.99033514683375,-1
1773649380,1773656520,sell,4999.6269999999995,4981.0605711812905,4947.795332180341,0.28,5.198600069238529,-1
1773658800,1773660360,sell,4999.500499999999,5020.5352163556545,4947.368709110862,0.28,-5.889720579583482,-1
1773662520,1773664080,sell,4999.1140000000005,5020.447465187394,4946.235337031516,0.28,-5.973370252470268,-1
1773666000,1773672480,buy,5018.8985,4997.887968040277,5070.969829899307,0.28,-5.8829489487225155,-1
1773672780,1773713280,buy,4995.805,5022.956716122241,5051.302092049356,0.26,7.059446191782645,-1
1773713340,1773742020,buy,5022.263,5003.813704139704,5067.93123965074,0.32,-5.903774675294699,-1
1773743160,1773754380,sell,5007.936,5024.5819178829415,4966.776205292646,0.36,-5.992530437859059,-1
1773754680,1773761220,buy,5020.6025,5003.73556778833,5062.314830529174,0.35,-5.903426274084586,-1
1773762720,1773796200,sell,4994.3925,5012.401054815165,4949.82611296209,0.33,-5.9428230890043325,-1
1773797160,1773803580,sell,5010.3885,4993.120798135433,4975.889026888507,0.4,6.907080745826898,-1
1773813600,1773822120,buy,4998.5425000000005,4984.9708786220135,5032.016553444966,0.4,-5.428648551194783,-1
1773822420,1773830100,buy,4987.9304999999995,4973.798522383267,5022.805444041833,0.4,-5.652791046693165,-1
1773849600,1773852300,sell,4861.6089999999995,4882.538861551031,4809.739346122422,0.28,-5.86036123428883,-1
1773853200,1773860640,sell,4887.1835,4853.411187156306,4836.86867854225,0.29,9.79397072467118,-1
1773861300,1773866220,sell,4860.0385,4815.26799521657,4806.521628436939,0.27,12.088036291526024,-1
1773871200,1773882120,sell,4827.459,4850.274667947259,4770.874830131851,0.26,-5.93207366628747,-1
1773882420,1773884220,sell,4834.6375,4856.3053975510675,4780.922756122331,0.27,-5.850332338788267,-1
1773886920,1773900060,sell,4854.834,4836.7576834538095,4802.044023542165,0.28,5.0613686329333,-1
1773900120,1773902760,sell,4839.088999999999,4781.030629793868,4780.102702061322,0.25,14.746574484669281,1
1773926460,1773928620,sell,4571.882,4610.060481274339,4476.890796814152,0.15,-5.7267721911508485,-1
1773928920,1773930900,sell,4637.9875,4604.299791035401,4540.025954184571,0.15,5.053156344689932,-1
1773932700,1773935460,sell,4622.655,4586.327552390015,4521.327564599957,0.14,5.085842665397904,-1
1773936000,1773948300,buy,4598.271,4643.150791194783,4699.483618585753,0.14,6.28317076726964,-1
1773948360,1773971340,buy,4636.462,4684.9156803987635,4733.74688230062,0.15,7.268052059814454,-1
1773971400,1773976200,sell,4682.768,4717.815765258556,4595.60358685361,0.17,-5.958120093954513,-1
1773990000,1773995340,buy,4671.622,4725.04426722346,4752.273583747354,0.18,9.616008100222807,-1
1773995400,1774001160,sell,4719.1295,4662.548776220588,4637.0971722346,0.18,10.184530280294238,-1
1774001220,1774014720,buy,4663.936500000001,4631.489395117648,4744.599262205881,0.18,-5.8404788788234505,-1
1774017240,1774032960,sell,4576.1045,4495.060777548675,4488.1843668429265,0.17,14.946422636702565,1
1774036980,1774224480,sell,4503.447999999999,4447.606172876409,4411.6144946058075,0.16,8.934692339774484,-1
1774227720,1774228140,sell,4353.268,4402.862418154556,4229.7369546136115,0.12,-5.951330178546668,-1
1774234860,1774246500,sell,4368.822499999999,4288.050074530565,4247.231159845409,0.12,9.692691056332079,-1
1774246560,1774248540,sell,4295.0175,4189.593921294447,4162.413287055527,0.11,11.596593657610848,-1
1774249200,1774250640,sell,4214.088,4120.9697054877015,4071.750945122989,0.1,9.311829451229825,-1
1774267200,1774270860,buy,4373.437000000001,4465.774239254184,4541.64445927376,0.08,7.3869791403346605,-1
1774270920,1774281360,buy,4447.6975,4380.242100841176,4615.880997897062,0.08,-5.396431932705964,-1
1774282500,1774291080,sell,4384.313999999999,4450.735037154496,4218.716407113759,0.09,-5.977893343904716,-1
1774291980,1774304040,sell,4450.5960000000005,4396.579934329127,4289.47770817462,0.09,4.861445910378579,-1
1774307700,1774312080,buy,4438.0485,4380.5929370384765,4581.232407403809,0.1,-5.745556296152336,-1
1774312380,1774318440,buy,4370.521,4310.551262964299,4519.990342589251,0.1,-5.996973703570075,-1
1774319580,1774338720,sell,4365.223999999999,4424.680087546088,4217.038781134777,0.1,-5.9456087546088385,-1
1774339020,1774360560,sell,4418.014,4373.313485426732,4288.982575786643,0.11,4.9170566030595095,-1
1774360620,1774364040,sell,4379.853,4425.976354773407,4264.999613066482,0.13,-5.996036120542949,-1
1774364400,1774383900,sell,4414.527,4459.125625289315,4303.485436776712,0.13,-5.797821287610995,-1
1774414800,1774419240,buy,4571.784000000001,4537.0497418936775,4658.164645265809,0.17,-5.904823878074922,-1
1774421940,1774440960,buy,4544.6285,4572.2896612650775,4628.245099175393,0.17,4.702397415063206,-1
1774441020,1774441860,buy,4565.8085,4534.288648689471,4644.153128276322,0.19,-5.98877174900047,-1
1774443600,1774450260,sell,4545.3095,4576.626533359777,4467.471916600559,0.19,-5.9502363383575085,-1
1774450560,1774465980,sell,4568.034,4501.598610830504,4489.1176725576615,0.18,11.958370050509183,-1
1774467000,1774504860,sell,4515.402999999999,4444.674607812951,4438.756891694962,0.19,14.56276057795706,1
1774506900,1774535700,sell,4440.318,4470.468431251802,4365.396921870495,0.19,-5.728581937842346,-1
1774536000,1774542120,sell,4473.619,4404.598957695118,4401.003242115794,0.2,14.523151576841157,1
1774548360,1774557600,sell,4386.0289999999995,4416.233247968875,4310.973380077811,0.19,-5.7388071140863035,-1
1774569600,1774582740,sell,4406.787499999999,4437.617417080509,4330.167707298727,0.19,-5.857684245296786,-1
1774583100,1774590600,buy,4434.954500000001,4462.654844671858,4508.398020613957,0.2,5.5400689343714475,-1
1774594800,1774600020,buy,4460.696000000001,4433.854615740784,4527.344460648043,0.22,-5.905104537027783,-1
1774600320,1774609620,buy,4434.544500000001,4408.0586717593,4500.304070601755,0.22,-5.8268822129542786,-1
1774609920,1774616700,buy,4411.42,4433.774444351706,4472.323940456287,0.24,5.36506664440938,-1
1774616760,1774620300,sell,4432.875999999999,4457.527101912474,4371.703245218813,0.24,-5.916264458993901,-1
1774621800,1774624380,buy,4454.1089999999995,4518.881345123459,4522.9331294396725,0.21,14.453067182331333,1
1774626060,1774631820,buy,4530.924,4502.115380493836,4602.4905487654105,0.2,-5.761723901232836,-1
1774632120,1774827060,buy,4498.0995,4469.695343384991,4568.654891537522,0.21,-5.964872889151893,-1
1774836000,1774840020,sell,4470.747,4500.72200875745,4396.264478106377,0.2,-5.995001751489872,-1
1774886400,1774898820,sell,4547.5885,4500.5431880803835,4482.537013916379,0.23,10.820421741511755,-1
1774898880,1774917540,sell,4502.291,4527.593752321533,4439.489119196168,0.23,-5.819633033952651,-1
1774919040,1774921440,buy,4542.7795,4610.15360866542,4614.96841334581,0.2,14.437782669162154,1
1774922400,1774925280,buy,4602.3275,4572.952989328699,4675.308776678253,0.2,-5.874902134260265,-1
1774929600,1774958040,buy,4558.211,4580.434830535657,4626.474713054208,0.21,4.667004412487931,-1
1774959240,1774966020,buy,4577.8695,4609.887063278731,4641.164816946218,0.23,7.364039554108213,-1
1774966500,1774975620,buy,4612.9975,4634.890575735232,4678.13146206077,0.22,4.816476661751003,-1
1775005260,1775007600,buy,4709.791,4684.4715021955,4772.634744511251,0.23,-5.823484495035073,-1
1775017800,1775021880,sell,4672.8775,4695.906499809215,4615.760000476961,0.26,-5.987539950396094,-1
1775046600,1775055180,sell,4736.4945,4760.3463172616375,4677.319956845906,0.25,-5.9629543154094335,-1
1775055600,1775058300,sell,4760.6935,4785.553627596144,4698.9981810096415,0.24,-5.966430623074484,-1
1775059200,1775066640,buy,4786.9675,4762.949067232152,4846.5585819196185,0.25,-6.0046081919620065,-1
1775084400,1775091840,buy,4775.7205,4753.097829668583,4831.8221758285445,0.26,-5.8818942861686265,-1
1775094600,1775097720,sell,4699.222,4673.824677014709,4628.265993800898,0.21,5.333437826911085,-1
1775104200,1775109000,sell,4665.035,4601.3146167405575,4595.629896640151,0.21,14.57507170556827,1
1775110680,1775114160,sell,4587.208,4619.444605036356,4507.071487409109,0.18,-5.8025889065441145,-1
1775115000,1775134980,buy,4622.553500000001,4589.519766751956,4704.682833120113,0.18,-5.9460719846480785,-1
1775135280,1775137860,sell,4602.9735,4635.498851811329,4522.115120471679,0.18,-5.854563326039151,-1
1775138400,1775140560,sell,4642.824,4676.926712396234,4558.0222190094155,0.17,-5.797461107359777,-1
1775142000,1775427180,sell,4679.7085,4627.209903550786,4596.500703365886,0.17,8.924761396366286,-1
1775433600,1775437920,sell,4609.783,4639.907714287405,4534.926214281489,0.2,-6.024942857480892,-1
1775438220,1775442000,sell,4630.902,4660.179834695447,4558.162413261382,0.2,-5.855566939089477,-1
1775442960,1775469000,buy,4646.982,4699.040651823309,4721.404330543002,0.2,10.41173036466189,-1
1775470440,1775478180,buy,4689.05,4664.382163915151,4750.264590212123,0.24,-5.920280660363787,-1
1775480400,1775495580,buy,4676.5785000000005,4653.120006895622,4734.769732760946,0.25,-5.864623276094562,-1
1775495880,1775525940,buy,4657.141500000001,4634.694200157379,4712.804749606555,0.26,-5.836297959081658,-1
1775530800,1775539800,buy,4649.9495,4630.284505085949,4698.656987285126,0.3,-5.8994984742153065,-1
1775540760,1775549520,sell,4635.756,4655.915896635075,4585.811258412315,0.29,-5.846370024171692,-1
1775551560,1775555220,buy,4683.014,4662.178390194148,4734.64802451463,0.28,-5.833970745638581,-1
1775556000,1775560740,sell,4670.275,4639.80352625748,4616.560611515446,0.27,8.227297910480202,-1
1775563200,1775570460,buy,4660.371,4638.414984379817,4714.806039050457,0.27,-5.9281242174494855,-1
1775581560,1775589600,sell,4668.824,4692.079108508479,4611.1412287288,0.25,-5.81377712711992,-1
1775589900,1775594520,sell,4688.809,4713.7182251935365,4626.99093701616,0.24,-5.978214046448702,-1
1775607300,1775611200,buy,4832.9555,4803.301110278202,4906.636474304494,0.2,-5.9308779443596,-1
1775611500,1775627820,buy,4802.8605,4829.487401873935,4876.564261854173,0.2,5.325380374786983,-1
1775642400,1775658720,buy,4783.214,4758.335233657221,4844.955915856948,0.24,-5.970903922267025,-1
1775659500,1775675400,sell,4761.7495,4707.927766601746,4694.547260027325,0.22,11.840781347615849,-1
1775678400,1775693040,buy,4730.602,4705.109095479229,4793.879261301927,0.23,-5.863368039777315,-1
1775697000,1775731440,sell,4716.597,4740.301474740153,4657.790813149616,0.25,-5.926118685038318,-1
1775731740,1775742600,buy,4743.122,4769.947731172518,4790.8454827526,0.31,8.315976663480397,-1
1775749800,1775767020,buy,4785.58,4764.721009143764,4837.272477140591,0.28,-5.8405174397461455,-1
1775767500,1775787660,buy,4765.277,4746.396851845242,4812.022370386895,0.31,-5.852845927974977,-1
1775788800,1775792220,sell,4747.53,4765.043837455421,4704.200406361447,0.34,-5.954704734843381,-1
1775793600,1775803740,buy,4767.223000000001,4750.479829949153,4808.625925127121,0.36,-6.0275412183051955,-1
1775804400,1775823780,buy,4746.5145,4763.619185567429,4786.504293186692,0.37,6.328733659948557,-1
1775837760,1775853600,sell,4763.687,4749.3079559245,4721.947492690272,0.35,5.032665426425046,-1
1776032220,1776033240,sell,4680.204000000001,4652.406480501321,4628.689769996225,0.29,8.061280654617002,-1
1776039780,1776043860,buy,4670.991000000001,4714.402787415514,4723.907443217542,0.28,12.155300476343546,-1
1776043920,1776064200,buy,4712.2565,4729.578426874214,4766.30362584486,0.27,4.676920256037565,-1
1776070800,1776098820,sell,4724.682,4742.361467249317,4680.938331876709,0.34,-6.011018864767776,-1
1776099480,1776122280,buy,4734.649,4761.249467735002,4780.205587969116,0.32,8.512149675200636,-1
1776122340,1776150660,buy,4760.5845,4789.814279932571,4800.759822649977,0.37,10.815018575051136,-1
1776152700,1776173760,sell,4778.3615,4793.922380269721,4739.914299325697,0.38,-5.9131345024938495,-1
1776193200,1776215940,buy,4837.3875,4865.597873751647,4877.5226271150905,0.37,10.437838288109479,-1
1776216180,1776220440,buy,4844.267000000001,4828.302495006587,4883.723262483533,0.37,-5.906866847562942,-1
1776221160,1776237180,sell,4829.3485,4813.103993620584,4788.004399122434,0.36,5.848022296589661,-1
1776247800,1776259260,sell,4801.7029999999995,4817.027591913546,4763.846520216135,0.39,-5.9765908462829795,-1
1776261000,1776265920,sell,4825.1089999999995,4808.206647536437,4788.131446033109,0.4,6.760940985424895,-1
1776267660,1776296100,sell,4804.969,4820.492454327356,4766.615364181609,0.38,-5.8989126443954225,-1
1776296400,1776300600,sell,4821.553,4835.586559530499,4786.924101173753,0.4,-5.613423812199471,-1
1776304200,1776315780,sell,4820.331,4834.802048778849,4784.60837805288,0.4,-5.788419511539542,-1
1776319320,1776329880,sell,4825.3085,4813.045288877209,4792.526643365465,0.4,4.905284449116516,-1
1776329940,1776347580,buy,4813.175,4800.069355568905,4845.484111077737,0.4,-5.242257772438098,-1
1776353400,1776357960,buy,4803.721500000001,4789.072574519454,4839.888813701367,0.4,-5.859570192218598,-1
1776358800,1776388380,sell,4793.3195,4778.744081905417,4756.84993869627,0.4,5.8301672378329386,-1
1776392100,1776426780,buy,4791.626,4803.867948203151,4822.655130565394,0.4,4.896779281260388,-1
1776427200,1776430080,buy,4799.9800000000005,4833.213366870224,4836.056331297765,0.4,14.430532519105691,1
1776432600,1776434580,buy,4850.8505,4879.098457148304,4892.144807633637,0.36,10.169264573389627,-1
1776452940,1776458460,buy,4855.926,4840.743650930161,4893.4268726745995,0.39,-5.921116137237523,-1
1776458760,1776636060,buy,4836.09,4820.578761578006,4874.4130960549855,0.39,-6.049382984577569,-1
1776641400,1776642600,sell,4769.518,4746.426741488022,4722.213381462793,0.31,7.158290138713082,-1
1776645900,1776649020,buy,4764.695500000001,4805.297948707762,4812.792360070264,0.31,12.586759099405954,-1
1776649500,1776661560,buy,4808.2255,4787.711294831044,4859.056012922387,0.29,-5.94911949899707,-1
1776662220,1776686040,sell,4788.2725,4806.158382169682,4744.012794575794,0.33,-5.902341115995124,-1
1776691980,1776697380,buy,4817.5885,4801.0818992006825,4858.400001998291,0.36,-5.942376287754232,-1
1776697680,1776713580,buy,4798.244,4815.454827099252,4840.490376723016,0.35,6.023789484738245,-1
1776715200,1776741480,buy,4815.031,4800.6219675339,4850.598581165249,0.4,-5.763612986440058,-1
1776771000,1776777900,sell,4784.7505,4770.44363129005,4753.521331228239,0.4,5.722747483980129,-1
1776804300,1776819180,buy,4711.076,4741.387543071928,4763.8797005490605,0.28,8.487232060139869,-1
1776819240,1776831180,buy,4740.2675,4757.44579200131,4788.552069280716,0.3,5.1534876003930545,-1
1776831240,1776864000,sell,4757.318,4743.167594705135,4715.645478778984,0.35,4.952641853202703,-1
1776864480,1776873900,sell,4747.7885,4731.186042755958,4711.782015128187,0.4,6.6409828976167775,-1
1776879000,1776902700,buy,4735.888,4721.789621861476,4770.67894534631,0.4,-5.639351255409565,-1
1776903600,1776904200,sell,4725.8695,4741.094887274014,4688.261031814965,0.39,-5.937901036865415,-1
1776911520,1776939360,sell,4713.7055,4690.687882146303,4673.831596309842,0.37,8.516518605867786,-1
1776949200,1776961440,sell,4737.42,4723.831095905035,4700.034393311117,0.39,5.299672597036379,-1
1776961500,1776966180,sell,4723.1835,4684.525952485009,4684.5120116999,0.38,14.695165554038176,1
1776971940,1777000740,sell,4698.277499999999,4673.54921872818,4653.5077770425205,0.33,8.160332819700425,-1
1777003740,1777016760,sell,4673.1905,4689.221483847525,4633.568040381187,0.37,-5.931464023584258,-1
1777022940,1777030500,buy,4683.6255,4711.39637504193,4722.348511348039,0.38,10.55293251593328,-1
1777035840,1777040100,buy,4697.7465,4732.748524842245,4739.540847852753,0.35,12.250708694785816,-1
1777042800,1777061460,buy,4725.633000000001,4708.197063699766,4768.767840750589,0.34,-5.928218342079891,-1
1777244760,1777251660,sell,4683.205999999999,4698.02680404346,4646.608989891346,0.4,-5.928321617384427,-1
1777252500,1777259520,buy,4693.589,4718.375810451578,4731.289656675318,0.39,9.666856076115527,-1
1777266000,1777269120,buy,4724.3815,4709.678410440402,4760.684223898995,0.4,-5.8812358238392335,-1
1777269600,1777295760,sell,4711.0135,4699.477343573637,4676.375256379505,0.4,4.6144625705452205,-1
1777296840,1777301580,buy,4695.0785000000005,4682.972535915844,4724.888410210392,0.4,-4.842385633662707,-1
1777301880,1777335240,buy,4678.04,4698.149625207983,4708.624773766792,0.4,8.04385008319332,-1
1777348800,1777353540,sell,4669.381,4653.99912434306,4644.786002021351,0.4,6.152750262775953,-1
1777381200,1777385220,sell,4591.1179999999995,4573.398242436325,4549.404484811308,0.35,6.201915147286126,-1
1777395600,1777421520,sell,4592.203,4608.542619755355,4551.808950611615,0.37,-6.045659309481262,-1
1777422540,1777424640,buy,4599.7445,4586.611026233207,4632.1231844169815,0.4,-5.2533895067172125,-1
1777426260,1777428360,sell,4582.6755,4596.288211354879,4549.098721612803,0.4,-5.445084541951656,-1
1777429800,1777443540,buy,4599.892500000001,4586.129068027613,4633.84607993097,0.4,-5.505372788954992,-1
1777444200,1777450860,sell,4584.6545,4570.28091671109,4552.059592554966,0.4,5.749433315563874,-1
1777456860,1777457820,sell,4557.4345,4572.02828337711,4521.4050415572265,0.4,-5.8375133508438015,-1
1777460400,1777465920,buy,4569.932,4555.649915435541,4605.182211411146,0.4,-5.712833825783673,-1
1777471440,1777473300,sell,4523.665,4540.202878494211,4482.775303764472,0.36,-5.953636257916077,-1
1777482000,1777487760,sell,4545.788,4529.480542293941,4505.590331403259,0.37,6.033759351241761,-1
1777487820,1777493760,buy,4529.357000000001,4545.57894031798,4571.630120839831,0.35,5.677679111292582,-1
1777500540,1777507200,sell,4545.691,4561.665526601328,4506.209683496681,0.37,-5.910574842491306,-1
1777508100,1777512960,buy,4558.2245,4574.573384138037,4596.508471882964,0.39,6.376064813834327,-1
1777518000,1777523220,buy,4564.701,4549.451455360514,4602.369861598714,0.39,-5.947322409399531,-1
1777524300,1777527240,sell,4546.232,4561.327062879523,4508.949342801194,0.4,-6.038025151809052,-1
1777527540,1777531920,sell,4565.7390000000005,4581.3502726738425,4527.165818315395,0.38,-5.932283616059959,-1
1777545900,1777556760,buy,4636.962500000001,4619.997302913056,4678.920492717362,0.35,-5.937818980430574,-1
1777557060,1777593480,buy,4615.258500000001,4628.391933091193,4658.3104431487045,0.34,4.4653672510053735,-1
1777593540,1777609980,buy,4627.1285,4613.725252104221,4660.181619739446,0.4,-5.361299158311522,-1
1777610700,1777617360,sell,4613.878,4596.724937006369,4581.671711694869,0.4,6.861225197452223,-1
1777617900,1777624380,sell,4593.768,4569.997891696905,4561.818037124658,0.4,9.508043321238075,-1
1777640460,1777643520,sell,4592.601,4608.101013281064,4554.305966797339,0.39,-6.04500517961521,-1
1777645800,1777647780,buy,4643.4515,4627.039401953298,4684.0267451167565,0.36,-5.908355296812842,-1
1777648080,1777650600,buy,4624.289,4639.369845337054,4666.10544189413,0.35,5.278295867969109,-1
1777651200,1777658520,buy,4643.0695000000005,4626.435621582181,4684.19919604455,0.36,-5.988196230415087,-1
1777658820,1777665840,buy,4624.4425,4608.271192588716,4664.415768528209,0.37,-5.983383742175092,-1
1777666140,1777861680,buy,4609.7985,4594.259062487209,4648.192093781976,0.38,-5.9049862548604874,-1
1777862160,1777867440,buy,4596.6595,4609.516244199627,4634.564902462685,0.39,5.0141302378546975,-1
1777868580,1777872780,buy,4609.0,4594.175336701645,4645.606658245887,0.4,-5.929865319341843,-1
1777873500,1777882260,sell,4600.1665,4578.59089363328,4563.210317343105,0.4,8.63024254668817,-1
1777882500,1777889460,sell,4579.7164999999995,4548.724150632777,4544.922563667201,0.4,13.917574533119478,1
1777892400,1777905540,sell,4564.3545,4580.053288064601,4525.562529838499,0.38,-5.9655394645480735,-1
1777905900,1777906800,buy,4575.574,4559.203301392883,4616.04574651779,0.36,-5.893451498561953,-1
1777907100,1777908420,sell,4559.8745,4523.403362176651,4514.60587823348,0.33,12.035475481705081,-1
1777915800,1777949760,buy,4524.849,4540.313450187253,4570.398342237459,0.32,4.9486240599208395,-1
1777949820,1777966560,sell,4540.8859999999995,4555.744656928854,4504.194357677863,0.4,-5.943462771541817,-1
1777967160,1777984260,buy,4548.5175,4569.878215264547,4583.056812553387,0.4,8.544286105818902,-1
1777985340,1777987740,buy,4563.904,4577.097899888509,4598.6473849584345,0.4,5.277559955403558,-1
1777989660,1777997160,buy,4579.191,4564.745285595968,4614.850286010078,0.4,-5.778285761612643,-1
1777997700,1778021520,sell,4564.8555,4552.141457477477,4529.838248287228,0.4,5.0856170090090025,-1
1778023800,1778028960,buy,4581.0545,4613.076415249718,4615.009412695347,0.4,13.58196507813882,1
1778040000,1778047500,buy,4644.584,4658.531931143773,4678.911198576845,0.4,5.579172457509412,-1
1778048100,1778056500,buy,4659.842,4675.347258486212,4693.802196732076,0.4,6.202103394484948,-1
1778056560,1778057880,buy,4673.436000000001,4694.934583486212,4710.392904325106,0.4,8.599433394484732,-1
1778072400,1778077380,buy,4681.3575,4711.283895165804,4725.797705906731,0.33,9.875710404715328,-1
1778086800,1778113560,buy,4681.4800000000005,4694.804532399499,4721.990913705283,0.36,4.796831663819575,-1
1778113620,1778117100,buy,4693.737,4709.185946156677,4728.500550287147,0.4,6.179578462670907,-1
1778117400,1778136000,buy,4704.3055,4741.164407787439,4741.745368123779,0.39,14.601548568273802,1
1778144400,1778158560,buy,4729.7,4746.329271768219,4768.56211622083,0.38,6.319123271923236,-1
1778158860,1778166780,buy,4741.8605,4756.1933630738995,4780.697166737378,0.38,5.446487968081892,-1
1778169600,1778170680,buy,4727.574,4710.340883262095,4770.201791844759,0.35,-6.031590858266508,-1
1778173200,1778174820,buy,4715.143000000001,4697.302220171948,4759.289949570135,0.33,-5.887457343257556,-1
1778184000,1778195400,sell,4705.0485,4690.507323748839,4660.452734618956,0.33,4.798588162883207,-1
1778196480,1778202360,sell,4697.5109999999995,4715.20118030489,4653.740549237773,0.34,-6.014661303662742,-1
1778202660,1778247060,sell,4716.678,4734.2031758751355,4673.320060312162,0.34,-5.958559797546095,-1
1778249040,1778250480,buy,4741.1705,4722.815629083187,4786.602677292033,0.32,-5.873558693380328,-1
1778256000,1778450520,buy,4708.5070000000005,4690.807567423769,4752.30058144058,0.34,-6.017807075918754,-1
1778451660,1778477640,sell,4688.8605,4676.088421550751,4649.287401012567,0.37,4.725669026221949,-1
1778477700,1778479080,sell,4678.947999999999,4653.670224084894,4638.28075915107,0.36,9.099999329438106,-1
1778479440,1778482320,sell,4658.288,4675.3556037438875,4616.07399064028,0.35,-5.973661310360785,-1
1778482800,1778492160,sell,4678.9675,4657.956885531034,4637.525062737403,0.36,7.5638212088278305,-1
1778493660,1778499540,sell,4659.419999999999,4675.246337706402,4620.309155733991,0.38,-6.014008328433192,-1
1778499840,1778502240,sell,4675.2955,4690.775585013089,4637.050287467278,0.39,-6.037233155104587,-1
1778503500,1778506140,buy,4693.219,4728.893375041821,4733.539268780384,0.37,13.19951876547373,-1
1778511600,1778541060,buy,4724.575,4750.114199346944,4768.305072343478,0.34,8.683327777960914,-1
1778548740,1778550240,sell,4749.55,4726.747601574956,4707.603066928696,0.35,7.980839448765391,-1
1778551200,1778562540,buy,4728.522,4712.0890248592295,4769.1494378519255,0.36,-5.915871050677342,-1
1778562900,1778569860,sell,4713.5525,4694.068892598368,4674.730418017245,0.38,7.403770812620187,-1
1778571720,1778594520,sell,4701.4855,4684.246552322795,4662.867806861808,0.38,6.5508001173379125,-1
1778594580,1778599380,sell,4689.845,4647.517421534619,4649.162921934872,0.36,14.645548103446016,1
1778601600,1778610000,sell,4666.5265,4683.385008557157,4624.8352286071095,0.35,-5.900477995004849,-1
1778612400,1778615820,sell,4697.0615,4713.46242817058,4656.514179573549,0.36,-5.904334141408908,-1
1778616180,1778639400,buy,4714.731000000001,4699.070795270176,4753.426511824562,0.38,-5.950877797333396,-1
